,count
YOU,2848
THE,2330
I,2217
A,1662
TO,1442
AND,948
IT,895
THAT,866
IN,814
OF,778
WHAT,743
ME,701
THIS,690
MY,649
YOUR,646
HE,620
IS,571
KNOW,565
WAS,544
ON,529
ALL,501
IT'S,492
FOR,484
WITH,478
DON'T,457
I'M,454
GOT,416
UP,402
SO,393
NO,372
RIGHT,369
DO,357
LIKE,356
ABOUT,356
WE,355
YOU'RE,351
HIM,349
NOT,340
YEAH,331
BUT,331
BE,328
OH,327
GET,307
OUT,305
HERE,302
HAVE,292
AT,291
ARE,290
JUST,288
THERE,287
THAT'S,262
GO,259
HIS,253
HE'S,246
FUCKING,243
WELL,241
THEY,226
HOW,226
GONNA,225
NOW,225
TONY,225
COME,215
FUCK,214
ONE,209
SHE,192
HAD,192
THINK,192
WERE,192
IF,190
GOOD,190
SOME,185
CAN,182
SAY,178
HER,176
OVER,169
SEE,168
FUCKIN',168
HEY,165
I'LL,165
WANT,161
WHEN,161
FROM,158
SAID,156
SHIT,151
WHY,151
TAKE,148
LOOK,147
GOTTA,140
BEEN,140
COULD,138
AN,137
TELL,136
DID,136
OR,132
OKAY,131
WHAT'S,131
DOWN,128
BACK,128
DIDN'T,128
AS,118
TIME,118
THING,115
US,115
MORNING,111
LA,110
WANNA,109
LITTLE,108
GUY,108
CALL,107
SHOULD,103
THEN,103
WHERE,103
TOLD,102
,100
HUH,100
CAN'T,99
SOMETHING,97
MAN,96
WHO,94
WAY,94
EVEN,94
OUR,94
YOURSELF,94
MAYBE,93
OFF,93
TOO,92
WOKE,91
MEAN,91
REALLY,91
OTHER,91
NEVER,91
NIGHT,90
GOD,89
NEED,87
JESUS,85
SHE'S,84
BY,84
GIVE,83
LET,82
TWO,82
MAKE,80
TALK,80
STILL,80
WE'RE,79
COUSIN,79
ALWAYS,78
BAD,77
THEM,76
PUT,76
GUYS,76
MORE,76
GOING,76
THANK,76
PEOPLE,75
NICE,74
AM,74
WOULD,73
KID,73
NEW,72
LOVE,71
INTO,71
EYES,71
HOME,71
WILL,71
UH,70
YEARS,70
THOUGHT,70
CAR,69
THESE,69
MOON,68
YA,68
HELLO,68
VERY,67
BLUE,67
DAY,67
THERE'S,67
HOUSE,66
MOTHER,65
DOING,65
THOSE,65
'CAUSE,64
LAST,64
THINGS,64
ANYTHING,63
WENT,62
SURE,62
AWAY,62
UNCLE,61
MUCH,61
ANY,61
SORRY,60
LIFE,58
GUN,58
FINE,58
JOHN,58
ELSE,57
AFTER,56
TON',55
LOT,55
ANYWAY,55
ONLY,54
KEEP,54
BELIEVE,54
PLEASE,54
GREAT,54
MONEY,53
UNDER,53
FRIEND,52
BECAUSE,52
HEAR,52
EVERYBODY,51
THANKS,51
OLD,51
AROUND,50
THAN,50
AGAIN,50
WRONG,49
FAMILY,48
PHIL,48
THEY'RE,48
HAPPENED,48
BEFORE,48
LONG,47
ANTHONY,47
CALLED,47
BUSINESS,46
FATHER,46
NEXT,45
CHRIST,45
TALKING,45
FIRST,45
EVERY,44
SCHOOL,44
BETTER,44
SAW,44
STAY,44
SAME,43
LISTEN,43
WASN'T,43
KIDS,42
SIGN,42
LET'S,42
WHATEVER,42
MADE,42
PROBLEM,42
HOW'S,42
WORK,42
BABY,42
ASK,42
REMEMBER,42
BIG,41
JOHNNY,41
HELP,41
BORN,40
WANTED,40
I'D,40
PLACE,40
THOUGH,40
HEARD,40
HAS,39
EASY,39
SOMEBODY,39
DAD,39
CARMINE,39
USED,39
EVER,38
WAIT,38
MR,38
SINCE,38
CHRISTOPHER,38
SON,38
STOP,37
KNOWS,37
FEEL,36
CAME,36
BROTHER,36
AJ,36
THEIR,36
NOTHING,36
TOOK,36
WE'LL,35
DOES,35
I'VE,35
OPEN,35
LOOKING,35
YES,35
SOPRANO,35
DOIN',35
WHOA,34
THROUGH,34
HI,34
GETTING,34
WHOLE,34
PROBABLY,34
YOU'D,33
MEET,33
CARE,33
USE,33
PHONE,33
LIVE,33
SUPPOSED,33
BEST,33
ENOUGH,32
COURSE,32
WEEK,32
LEFT,32
OWN,32
DONE,32
COUPLE,31
ACTUALLY,31
ANOTHER,31
MILLION,31
KNEW,31
MATTER,31
GOIN',31
HEAD,31
FORGET,31
THINKING,31
THREE,31
AH,31
EVERYTHING,31
PAULIE,31
START,30
GODDAMN,30
GUESS,30
WORLD,30
ONCE,30
ASS,30
YOU'VE,30
SHAME,30
HE'LL,30
FIND,30
BEING,30
DINNER,29
EAT,29
JOB,29
AIN'T,29
PARTY,29
LEAVE,29
TRY,29
ISN'T,29
STUFF,29
TOGETHER,29
KIND,29
SIT,29
PAY,28
TRYING,28
SAYS,28
FRIENDS,28
CARMELA,28
COMING,28
MIGHT,28
'EM,28
DOESN'T,27
GONE,27
SHINE,27
WANTS,26
COULDN'T,26
HARD,26
TIMES,26
NAME,26
AGO,25
BOTH,25
ADRIANA,25
SEND,25
WOMAN,25
GIRL,25
HAPPEN,25
DIFFERENT,25
YEAR,25
WHICH,25
WOULDN'T,25
WITHOUT,24
WIFE,24
DOCTOR,24
GAVE,24
TOV,24
ALREADY,24
TALKIN',24
BULLSHIT,24
POINT,24
WHERE'S,23
DAYS,23
BOBBY,23
WHILE,23
LATER,23
TURNED,23
YORK,23
DOOR,23
ALMOST,23
END,23
SHOW,22
MAY,22
TODAY,22
MINUTE,22
BEAUTIFUL,22
GOES,22
ALONE,22
TOP,22
ROOM,22
NOTHIN',22
GAME,22
SOMETHIN',21
FIVE,21
BOSS,21
LATE,21
MYSELF,21
PRETTY,21
CLUB,21
STREET,21
IMPORTANT,21
WHAT'D,21
HAPPY,21
AUNT,21
HAVING,21
YOU'LL,21
MANY,20
WHO'S,20
JANICE,20
HOLD,20
JUNIOR,20
COULD'VE,20
CRAZY,20
LOOKS,20
YOUNG,20
HUSBAND,20
STUPID,20
GETS,20
DEAD,20
HIT,20
SICK,20
FEECH,20
WON'T,20
BLUES,20
MIND,19
CHRISSY,19
T,19
HELL,19
HOUR,19
KILL,19
CUT,19
COFFEE,19
RUN,19
OUTTA,19
TAKING,19
IDEA,19
TILL,19
NUMBER,19
SEEN,19
ANYMORE,18
WALK,18
HONEY,18
SLEEP,18
JERSEY,18
TOWN,18
BIRTHDAY,18
RELAX,18
DEAL,18
FULL,18
TRUE,18
COMIN',18
FOUND,18
TALKED,18
DOG,18
HAND,18
HIMSELF,18
DAUGHTER,18
HEART,18
ASKED,18
MINE,18
TV,17
SHUT,17
MET,17
JOEY,17
MAKING,17
UNDERSTAND,17
FAR,17
BITCH,17
NOBODY,17
STARTED,17
FACE,17
SAYING,17
CASE,17
HOURS,17
MASSAGE,17
MUST,17
B,17
TONY'S,17
CLOSE,17
HAVEN'T,17
SET,17
TONIGHT,17
MOVE,17
WALKED,17
REASON,17
COLLEGE,17
MEADOW,17
TRUTH,17
LEAST,17
BRING,17
HALF,16
WISH,16
SUCH,16
MOTHERFUCKER,16
CHILDREN,16
ANYBODY,16
REAL,16
BURN,16
PIECE,16
PHILLY,16
BETWEEN,16
YET,16
FUCKED,16
WATCH,16
MIDDLE,16
POOR,16
WORKING,16
LADY,16
OUTSIDE,16
EXCUSE,15
LOST,15
WAITING,15
SECOND,15
LUCKY,15
LINE,15
CLEAN,15
SIDE,15
HO,15
MARRIED,15
PART,15
COMES,15
MOST,15
MOM,15
BLUNDETTO,15
SITUATION,15
HEAVEN,15
SING,15
SOMEONE,14
PAPER,14
SHOTGUN,14
MOUTH,14
PERSON,14
GUY'S,14
REST,14
BEAT,14
WELCOME,14
RESPECT,14
PRICK,14
ALSO,14
BOY,14
VITO,14
HANDS,14
CALLS,14
BUY,14
CHANGE,14
REALIZE,14
MISS,14
DR,14
SEAT,14
FINN,14
PICK,14
NEPHEW,14
TRYIN',14
CHOSEN,14
PAPA,14
AW,14
HIGH,14
FUNNY,14
UPSIDE,14
WEDDING,14
QUESTION,14
BROUGHT,14
CARM,14
GRAND,14
CHECK,13
SUMMER,13
SENT,13
SOMETIMES,13
THEY'LL,13
UPSTAIRS,13
TELLING,13
TROUBLE,13
HERE'S,13
PRISON,13
SERIOUS,13
AHEAD,13
SYSTEM,13
JASON,13
MEETING,13
HAIR,13
MAMA,13
PASSED,13
WONDER,13
EYE,13
EITHER,13
MINUTES,13
EACH,13
SURPRISE,13
CONTROL,13
NEIGHBORHOOD,13
MOVED,13
LORRAINE,13
UPSET,13
OFFICE,13
BALLS,13
HOSPITAL,12
WORRIED,12
STRAIGHT,12
SHOT,12
ANGELO,12
BOYS,12
ENJOY,12
DIED,12
LAWYER,12
TABLE,12
CHARGE,12
BED,12
CAUGHT,12
EXACTLY,12
NAH,12
MA,12
DRIVE,12
FEELINGS,12
OBVIOUSLY,12
MOVIE,12
JOE,12
THERAPY,12
PLUS,12
TOMORROW,12
WORRY,12
DAD'S,12
MARRIAGE,12
BODY,12
READY,12
MAZEL,12
FOOT,12
ASSHOLE,12
SACK,12
AGE,12
KILLED,12
NEEDS,12
LUNCH,12
SIMAN,12
SAYIN',11
FOUR,11
BIT,11
MOTHER'S,11
FIGHT,11
HASN'T,11
MAKES,11
SMART,11
STORY,11
II,11
LOOKIN',11
SHOULD'VE,11
STATE,11
FRONT,11
YOURS,11
SERVICE,11
AFRAID,11
LORDY,11
ARTIE,11
LORD,11
AFEELIN',11
FEW,11
SISTER,11
APPARENTLY,11
UNTIL,11
SITTING,11
SPECIAL,11
FACT,11
AGAINST,11
JUN',11
WORD,11
PLAY,11
ATTACK,11
WONDERFUL,11
COACH,11
ABLE,11
HESH,11
CITY,11
CHANCE,11
BROKE,11
HOTEL,11
SEEMS,11
WEEKS,10
HE'D,10
RECOGNIZE,10
LIVES,10
MEMORY,10
EARLY,10
NEWS,10
FEELING,10
MM,10
TIRED,10
TURN,10
SHOULDN'T,10
KINDA,10
TRIED,10
BLACK,10
RUNNING,10
COPS,10
WEREN'T,10
SWEAR,10
OW,10
THINKS,10
PARK,10
MAJOR,10
WEST,10
TOUGH,10
LESS,10
20,10
FARM,10
DREAM,10
FAVOR,10
WATER,10
DRINK,10
FUN,10
WOULD'VE,10
BEHIND,10
INSIDE,10
BEAR,10
EGG,10
IT'LL,10
SCARED,10
LEOTARDO,10
HAPPENS,10
HORRIBLE,10
FATHER'S,10
SOUND,10
ADE,9
JAN,9
CRYING,9
ANGER,9
GETTIN',9
BREAK,9
BLOW,9
DROP,9
INTERESTING,9
EVERYBODY'S,9
ARM,9
FINALLY,9
FIRE,9
BILL,9
GARAGE,9
FLOWERS,9
DAMN,9
BUNCH,9
CARD,9
DADDY,9
FOOD,9
RUSS,9
CAREFUL,9
HANDLE,9
BUCKS,9
PAYING,9
TELLIN',9
RIDE,9
JOHNNY'S,9
DIE,9
COCKSUCKER,9
SIR,9
JUDY,9
HOLY,9
LIKED,9
WOMEN,9
WE'VE,9
FREE,9
APPRECIATE,9
HATE,9
FRANKLY,9
SUDDENLY,9
TEST,9
SIX,9
READ,9
HOPE,9
FUNERAL,9
MRS,9
WORDS,9
ARREST,9
BILLY,9
GARBAGE,9
LIVING,9
PROGRAM,9
CASH,9
SUNDAY,8
LOVED,8
STOMACH,8
MEANT,8
OHOH,8
DIVORCE,8
PROUD,8
CLASS,8
COLD,8
VISIT,8
AMEN,8
CUNT,8
GIRLFRIEND,8
STEP,8
PAID,8
KNOWN,8
PEEPS,8
LYING,8
SUITCASE,8
GLAD,8
TOUCH,8
HORSE,8
DICK,8
ANSWER,8
STAND,8
LUCK,8
COKE,8
LANU,8
PARKING,8
CHRISTMAS,8
GENTLEMEN,8
CELL,8
WHENEVER,8
ROAD,8
DURING,8
NEEDED,8
YEHE,8
HUGH,8
DUE,8
ITALIAN,8
YOUSE,8
SAL,8
BAG,8
ABSOLUTELY,8
WINE,8
WEAR,8
PROCESS,8
ASKING,8
KIM,8
GENTLEMAN,8
BET,8
SEVEN,8
SHOE,8
BROTHERS,8
WEGLER,8
HURT,8
WEIRD,8
LEAVING,8
FISH,8
GLASS,8
FEET,8
JIMMY,8
TERRIBLE,8
SHOES,8
MENTIONED,8
PAIN,8
NEWARK,8
UNION,8
TRUCK,8
RAN,8
JOKE,8
SEPARATION,8
EXPECT,8
MONTH,8
SWEET,8
MAD,8
ALONG,8
SOUNDS,8
PAT,8
MARY,8
STICK,8
COCK,8
TURNS,8
MEN,8
THINKIN',8
BEYOND,7
MACHINES,7
TAKIN',7
ASLEEP,7
STOPPED,7
SAKE,7
SERIOUSLY,7
DRUGS,7
STORE,7
INSTEAD,7
SMELL,7
PROBLEMS,7
FIGURE,7
FIX,7
MEDICINE,7
BOB,7
CHRISSY'S,7
POWER,7
CORRADO,7
VITRO,7
PAINT,7
SPEECH,7
SHOP,7
POSSIBLE,7
SEEM,7
LIE,7
PHYSICAL,7
LAW,7
DRY,7
WORKED,7
EXCEPT,7
BUSY,7
WORTH,7
AREA,7
FRUIT,7
DRIVING,7
MOM'S,7
SEX,7
KIDDING,7
SON'S,7
SECURITY,7
CONSTRUCTION,7
CASINO,7
LOUD,7
MARONE,7
KEPT,7
GIRLS,7
KNOCK,7
CONCERNED,7
CHRIS,7
PARENTS,7
PEANUTS,7
ANIMAL,7
WAKE,7
FAT,7
ORDER,7
PICKED,7
FEGOLI,7
HAVIN',7
WOW,7
BOOKS,7
ALRIGHT,7
KID'S,7
BATHROOM,7
ABOVE,7
DROPPED,7
FORCE,7
BALL,7
SALUTE,7
AL,7
SUPPOSE,7
SECRET,7
RAGE,7
WE'D,7
CERTAIN,7
MASSARONE,7
SHORT,7
PORT,7
REGULAR,7
PLAYING,7
TAKEN,7
WAYS,7
BLAME,7
MOMMY,7
DRIVIN',7
EAST,7
LOAD,7
BOAT,7
JOHNSON,7
CRACK,7
HANG,7
FLORIDA,7
HOT,7
PULL,7
MONTHS,7
COUNTRY,7
CARS,7
BOOK,7
CRISIS,7
WRITE,7
DECISION,7
DEGREE,7
THROW,7
FUTURE,7
KICK,7
THERAPIST,7
BROKEN,7
FIGURED,7
HONESTLY,7
BEIN',7
SHOWS,7
BROOKLYN,6
ACTION,6
FAULT,6
LIED,6
VESPAS,6
CIGARETTES,6
BOX,6
KISS,6
INTEREST,6
FAITH,6
LIVED,6
COAT,6
DATE,6
ADD,6
WHITE,6
MEL,6
DEATH,6
WEARING,6
PAROLE,6
LOUISE,6
TIGHT,6
HUGE,6
LAWN,6
PLENTY,6
TRIP,6
TOMMY,6
MAID,6
WORKIN',6
HONEST,6
SETTLED,6
IDIOT,6
IT'D,6
PAST,6
COOL,6
ACCOUNTANT,6
CUDDLE,6
LADIES,6
DOVER,6
RUSTY,6
12,6
MOVING,6
SAVE,6
ACCIDENT,6
CONSIDER,6
UNCLE'S,6
15,6
SUPPORT,6
PISS,6
JUMPED,6
TESTS,6
PICKING,6
MARCO,6
HMM,6
POLO,6
HOMEWORK,6
INTERESTED,6
SPLIT,6
APOLOGIZE,6
DETROLIO,6
STUDY,6
STOLE,6
LIST,6
TICKETS,6
ACTING,6
TAKES,6
CUTE,6
BOUGHT,6
PRACTICALLY,6
PUSH,6
HEARING,6
SIL,6
OOH,6
SOPHIA,6
FUCK'S,6
CHEESE,6
HOW'D,6
DIFFERENCE,6
ANYONE,6
RESPECTS,6
GIVIN',6
HAT,6
GIVEN,6
SPEAK,6
DEPARTMENT,6
CALLUZZO,6
PEACE,6
AJ'S,6
CAKE,6
GINNY,6
WORSE,6
ROCK,6
TASTE,6
SAD,6
STROKE,6
PROPERTY,6
SUIT,6
PICTURE,6
RAIN,6
JEEZ,6
WEAPON,6
TOTALLY,6
RING,6
HUNDRED,6
LOW,6
PERIOD,6
CONTAINER,6
RULES,6
JAIL,6
GOLF,6
HADN'T,6
POOL,6
GIMME,6
ONES,6
MENTION,6
WATCHING,6
LOVES,6
SENSE,6
SEES,6
CRAP,6
FORGOT,5
MALE,5
BOTTLE,5
DENTAL,5
FEELS,5
SORT,5
AIR,5
MANNA,5
MISSED,5
LINES,5
WAR,5
POPE,5
REACH,5
LEARNING,5
JERRY,5
DRINKIN',5
RIGHTS,5
GRAB,5
DRINKING,5
DOGS,5
RATE,5
PROMISE,5
CONVERSATION,5
SHARE,5
SUCK,5
TABLES,5
SCOOTERS,5
JACKIE,5
PASS,5
GODFATHER,5
DEALER,5
SCRATCH,5
RELATIONSHIP,5
TREE,5
PROTECTION,5
LAY,5
CRY,5
TAX,5
BEATING,5
LOOKED,5
BUTTER,5
FOCUS,5
GENERAL,5
SUITE,5
FILM,5
MMM,5
BLOOD,5
GRADES,5
JACK,5
MEDICAL,5
SEPARATED,5
ANYTIME,5
EXPRESSION,5
DISCUSS,5
MISERABLE,5
BESIDES,5
VIOLENCE,5
CHANGES,5
CARLO,5
AGENT,5
FISKE,5
GRANDPA,5
ANGRY,5
JOINT,5
CIVIL,5
NORMAL,5
ARRANGEMENT,5
MEANS,5
WHEREVER,5
PULLED,5
BUS,5
BOYFRIEND,5
PEACHES,5
MESS,5
FALLS,5
CONTAINERS,5
SUFFERED,5
CIGARETTE,5
EATING,5
40,5
GOTTEN,5
SPENT,5
LEE,5
EXTRA,5
COST,5
FIGHTING,5
STUCK,5
FEDS,5
PLATE,5
BAR,5
HEH,5
CHICKEN,5
ITALY,5
RAISED,5
TELLS,5
TWICE,5
KEEPS,5
DEPRESSION,5
WRAPPED,5
ITS,5
SPEND,5
CORNER,5
SPORTS,5
LONGER,5
17,5
RUNNIN',5
KING,5
WALKING,5
KNOWING,5
CALIFORNIA,5
OFFER,5
CALLING,5
ALIVE,5
VARSITY,5
POWERFUL,5
CARDS,5
BRANCH,5
PHIL'S,5
SALUT',5
SIMPLE,5
YESTERDAY,5
KEEPING,5
HUNGRY,5
COMPLETELY,5
MARRY,5
PROFESSIONAL,5
ACT,5
GLEASON,5
SIGHT,5
LIKES,5
MATUSH,5
SEEING,5
PORTS,5
SOCCER,5
LIGHT,5
FEELIN',5
ANG',5
GARY,5
BIGGER,5
GAY,5
LANGUAGE,5
POINTS,5
YARD,5
SUN,5
MILES,5
DUCK,5
OPTIONS,5
KELLY,5
ISSUES,5
TODAY'S,5
PRAIRIE,5
PETRILLE,5
BILLS,5
CHURCH,5
MIAMI,5
C,5
APRILE,5
ALLOWANCE,5
CLEAR,5
COUSIN'S,5
HANDSOME,5
PETER,5
SMALL,5
BUDDY,5
SKIN,5
16,5
TOILET,5
FORGIVE,5
DARK,5
ACCOUNT,5
GIVES,5
LIFT,5
CANCER,5
DIFFICULT,5
SONG,5
PUTTING,5
NICOLE,5
FOOL,5
FENCE,5
PROJECT,5
CENTER,5
FINISH,5
TOMATOES,5
KEYS,4
AVERAGE,4
SEEMED,4
HERSELF,4
BEGINNING,4
RELIGIOUS,4
ASSETS,4
JURY,4
BOMB,4
COOKING,4
NORTH,4
LINEN,4
TWINS,4
JOKES,4
CARMELA'S,4
LONGTERM,4
DAMAGE,4
PRESIDENT,4
USUALLY,4
GARDENER,4
MACHINE,4
SOPH,4
POTENTIAL,4
LUPERTAZZI,4
NANCY,4
FALL,4
FEDERAL,4
11,4
SUPERVISOR,4
COOK,4
REMIND,4
DESPITE,4
PREGNANT,4
LEGS,4
MOLTISANTI,4
DEPRESSED,4
MINORITY,4
AWAKE,4
QUARTER,4
PROVOLONE,4
CHANGED,4
SKIP,4
TRACK,4
OVEN,4
PLEASANT,4
ALTHOUGH,4
WHOEVER,4
TRIAL,4
HON,4
TYPE,4
LIVIN',4
PEE,4
WIRE,4
UNLESS,4
CANNOT,4
IDEAS,4
HURTS,4
THREW,4
MOTHERFUCKING,4
SAINT,4
SHH,4
DRIVER,4
SUKANYA,4
JERKOFF,4
EGGS,4
GOODBYE,4
TUTOR,4
RIVER,4
NECK,4
WHIP,4
PAUL,4
RELATIVE,4
DECIDED,4
TEMPER,4
SUCCESS,4
ASKIN',4
ATTENTION,4
PARTNER,4
AMERICAN,4
REHAB,4
CONCETTA,4
DRUMS,4
RELEASED,4
JOIN,4
NINE,4
VIEW,4
MODERN,4
HANDED,4
PAL,4
ENGLISH,4
CARMINE'S,4
PAN,4
POSITION,4
GREENBERG,4
LEG,4
RETIRED,4
CHOICES,4
500,4
GLOBAL,4
WOLF,4
SOMEBODY'S,4
VOICE,4
MEADOW'S,4
DEFINITELY,4
RACETRACK,4
PRESS,4
NATIONAL,4
ARIZONA,4
GORGEOUS,4
FINANCIALLY,4
PANIC,4
THING'S,4
SENDS,4
APPLICATIONS,4
WONDERING,4
SLOW,4
FRAN,4
TRASH,4
ACCEPT,4
LEARN,4
HEADACHE,4
WRITING,4
YO,4
DROVE,4
PERHAPS,4
SETTLE,4
RENT,4
CLOSET,4
ROUND,4
WORKS,4
WRITES,4
NOTICED,4
SWEETHEART,4
GOD'S,4
GENE,4
KOREAN,4
EVENING,4
BUCCO,4
1200,4
LOTTA,4
SOMEPLACE,4
EARN,4
WIFE'S,4
GRASS,4
RECORD,4
BURNING,4
OUGHT,4
IMAGINE,4
14,4
CANCEL,4
TOUCHED,4
BENNY,4
BARELY,4
BING,4
PAINTING,4
2:00,4
USING,4
SATURDAY,4
SPENDIN',4
TRUST,4
AFFORD,4
VENDING,4
WITHIN,4
HEALTH,4
CAPTAIN,4
AFFECTS,4
FIRED,4
SYNDROME,4
FELICIA,4
GIVING,4
SIN,4
QUIT,4
FELLAS,4
STRESS,4
CHEST,4
CAR'S,4
CONSIGLIERE,4
COMMIT,4
COUSINS,4
SLIPPERS,4
DUMP,4
ANYWAYS,4
INCOME,4
OIL,4
AUTHORITY,4
CLOSED,4
OURS,4
STAYIN',4
ICE,4
FLOOR,4
ASSUME,4
CALM,4
LIQUID,4
PRESSURE,4
HOLDING,4
DOUBT,4
ALCOHOL,4
AREN'T,4
ACROSS,4
JERK,4
AWW,4
BROWN,4
SUDDEN,4
STORIES,4
SITTIN',4
CATCH,4
FACTORY,4
SOBER,4
HIRE,4
EMPTY,4
HIGHER,4
BEEF,4
COLLECTIONS,4
ENTIRE,4
SMOKE,4
AVENUE,4
PAT'S,4
EXAMPLE,4
PLANS,4
PADRES,4
LISTENING,4
FEED,4
FINISHED,4
POSITIVE,4
CASBAH,4
STATION,4
OPPORTUNITY,4
COLOR,4
WEIGHT,4
PLAYER,4
PASSION,4
GUARD,4
EXPLAIN,4
BRAINS,4
ANYBODY'S,4
DRUNK,4
BOVARY,4
CRIME,4
WHORE,4
TOM,4
PUNCH,4
NUCLEAR,4
BLESS,4
SPENDING,4
GUNS,4
SERVED,4
HURRY,4
COP,4
FUNERALS,3
SEEIN',3
BUYING,3
SISTERS,3
RAISE,3
VACUUM,3
GROWING,3
ALICE,3
BYE,3
MESSAGE,3
M'BOY,3
HARPO,3
DISASTER,3
RULED,3
COUCH,3
DELICIOUS,3
ROADIES,3
LAWNS,3
UGLY,3
CAPTAINS,3
GOODNESS,3
STRONG,3
APPOINTMENT,3
REACHED,3
EXPENSES,3
MATCH,3
RECOVERY,3
SUFFER,3
USUAL,3
CREAM,3
CALDWELL,3
ACID,3
MAKIN',3
NAMED,3
BAKERY,3
KENNEDY,3
SUVS,3
ATTACKS,3
ICHABOD,3
TONGUE,3
CHECKS,3
BEARS,3
CRANE,3
PARENT,3
TANK,3
CABLE,3
MAN'S,3
WET,3
POSSIBLY,3
FREEZER,3
SPATAFORE,3
WHETHER,3
THAT'D,3
WEARIN',3
UNBELIEVABLE,3
REVENGE,3
PD,3
SNOW,3
GROUND,3
SQUARE,3
THIS'LL,3
NAME'S,3
PSYCHOLOGIST,3
REMINDED,3
COSTS,3
24,3
SOLD,3
WEATHER,3
VACATION,3
BELOW,3
HISTORY,3
ATTEND,3
HANGING,3
ADDRESS,3
WHACKED,3
FAG,3
NATURALLY,3
LETS,3
MAIL,3
SHOVEL,3
THERE'D,3
SHRINK,3
HOPING,3
CERTAINLY,3
AFTERNOON,3
REMEMBERED,3
ENTITLES,3
GOOMAH,3
UNFORTUNATELY,3
SALE,3
CONDITION,3
CLASSES,3
WALKS,3
FLIPPED,3
HUMOR,3
SALVATORE,3
YELLING,3
CHAIR,3
NOWHERE,3
FBI,3
SCARY,3
CHARLIE,3
TB,3
INCREASED,3
HOOK,3
CHILD,3
HELPING,3
FAVORITE,3
COMFORT,3
EVENT,3
TREATING,3
APART,3
COVERED,3
RIPPED,3
SWIM,3
SECTION,3
SPORT,3
TEAM,3
SPOKE,3
AHH,3
ASA,3
SENIOR,3
DELIVER,3
TEACHER,3
MODE,3
NUT,3
GRANDPA'S,3
CLAM,3
KICKED,3
REGARDS,3
STARTS,3
CANNED,3
ASSHOLES,3
BLEEDING,3
SANDY,3
3:00,3
TIDINGS,3
SHOWED,3
INCIDENT,3
SANDWICH,3
RUB,3
ROCKS,3
VODKA,3
RESULTS,3
LICENSED,3
DRAG,3
PARLOR,3
LICENSE,3
DATING,3
GIRL'S,3
CARTOON,3
RESPONSIBILITY,3
TIPPY,3
DEANGELIS,3
PLANNING,3
PUSSY,3
DRIVEWAY,3
FINAL,3
STANDING,3
LAYING,3
NEITHER,3
FILING,3
MAMBO,3
ZEPPOLE,3
PICKIN',3
MAFIA,3
UHHUH,3
CANS,3
CONSIDERING,3
LATELY,3
BRINGS,3
LOSING,3
TERM,3
COMPANY,3
DEVICE,3
HUGO,3
BOOM,3
KNOCKED,3
OLDEST,3
ANGIE,3
GREATEST,3
JUSTIN,3
HARPO'S,3
ESTERHAZ,3
MADAME,3
ILLEGAL,3
MEETIN',3
BREAKING,3
TURNING,3
DIP,3
PINS,3
DEALT,3
TOES,3
HOUSES,3
BELT,3
CHAINS,3
PERSONAL,3
DISAPPOINTED,3
BOY'S,3
SIMILAR,3
SETTING,3
158,3
ENCHILADAS,3
PERSONALLY,3
CHRISSAKE,3
VEAL,3
SITE,3
AGREES,3
LAUGHING,3
MOMENT,3
FOOTBALL,3
VITRO'S,3
COVERS,3
DUTCH,3
PURPOSE,3
OHH,3
WINDOWS,3
WINDOW,3
STRIKE,3
BUILDING,3
SEASON,3
BURY,3
DUST,3
BODIES,3
IQ,3
SPONSOR,3
SPOT,3
SELFISH,3
SCIENCE,3
EXHAUSTED,3
ANIMALS,3
TRADE,3
EARS,3
ART,3
BROADS,3
VALENTINA,3
JIMMY'S,3
TUESDAY,3
HOMMA,3
POP,3
BIGGEST,3
GROW,3
BLIND,3
LIES,3
FRUSTRATION,3
CHOOSE,3
STAR,3
SOPRANOS,3
LEGEND,3
WRECK,3
SHAKE,3
SMILE,3
WISE,3
KOI,3
MESSAGES,3
DISABLED,3
GIFT,3
UPSTATE,3
MUSEUM,3
BREAD,3
STAMP,3
BURNS,3
TRAILER,3
SILENCE,3
OPINION,3
TRAPS,3
APPETITE,3
WHOO,3
SHIRT,3
WOOD,3
DESERVE,3
LAID,3
WHACK,3
RATHER,3
SALAD,3
LIMITS,3
RINGS,3
18,3
SHOULDER,3
STRAIGHTENED,3
NIP,3
POLICE,3
ELLIOT,3
CREDIT,3
SHINING,3
OWE,3
LEMME,3
FOLLOWED,3
DROPDEAD,3
BREATHING,3
DOPE,3
ST,3
SCORE,3
MOSTLY,3
ROSALIE,3
SIL'S,3
ANDAND,3
SHOOT,3
MINIMUM,3
FAMILIES,3
BASICALLY,3
FIANCÉE,3
OWES,3
AGREE,3
STAFF,3
MISTRESS,3
RESTAURANT,3
PLANE,3
PUBLIC,3
CAUSES,3
ATTRACTED,3
HORSES,3
ATE,3
MISTO,3
12TH,3
ENJOYING,3
QUICK,3
MIGHT'VE,3
BROAD,3
SUBJECT,3
GRANDFATHER,3
MISTAKEN,3
TALL,3
GAREPE,3
BABE,3
WIN,3
MELT,3
SENSITIVE,3
HALL,3
TON,3
DESSERT,3
NUMBERS,3
LOSS,3
THEY'VE,3
DINNERS,3
BANGED,3
LEADER,3
DRESSED,3
HARDLY,3
STEAK,3
CHOICE,3
WHY'D,3
COCKTAIL,3
MEAT,3
DIARRHEA,3
BOWEL,3
L,3
METEOR,3
MODELS,3
WHIPPED,3
LAB,3
GUTS,3
PLAN,3
RALPH,3
CARRYING,3
BRINGING,3
COFFEEMAKER,3
RELIEF,3
SECONDS,3
INTRODUCE,3
MA'AM,3
HONOR,3
NOTICE,3
CROSS,3
OPENED,3
LARRY,3
OTHERWISE,3
MANSION,3
MEDAL,3
OPUS,3
DEI,3
GRAVE,3
HANGIN',3
HUDSON,3
NAIL,3
WORST,3
SKULL,3
CAMERA,3
SAT,3
FOX,3
MOVIN',3
BRUCE,3
GUILTY,3
ATTITUDE,3
NEPHEW'S,3
PIPE,3
ASHES,3
ENTITLED,3
MELVOIN,3
STOOD,3
AGREEMENT,3
MOMENTS,3
SLIP,3
ARMS,3
RO,3
CLOUD,3
CHILDBIRTH,3
TINA,3
CERVA,3
LOVE'S,3
QUIN,3
THIRD,3
SUITS,3
CAROLINA,3
COLLISION,3
SOCIAL,3
ATHLETE,3
HA,3
JT,3
DANGEROUS,3
MUST'VE,3
PIECES,3
LAUGH,3
CHEAP,3
UNHAPPY,3
VESPA,3
BLESSED,3
SINK,3
YOURSELVES,3
SHIT'S,3
FINISHING,3
FUCKS,3
DRUG,3
GOODLOOKING,3
CAPABLE,3
FAKE,3
ORIGINAL,3
SELL,3
10,3
13,3
COMMON,3
HIDING,3
DEAR,3
EFFECTIVE,3
TOOTH,3
NEIGHBORS,3
EASILY,3
PIE,3
THOUSAND,3
PETRAGLIA,3
MASS,3
TEN,3
OPERATION,3
O'CLOCK,3
WILLING,3
ANONYMOUS,3
AMAZING,3
DEALERS,3
IMMIGRANT,3
DIG,3
OWNS,3
ENGAGED,3
HUMAN,3
FORWARD,3
SIXTH,3
DUDE,3
MURDER,3
POLE,3
BLEW,3
LIVIA,3
DIME,3
BUILD,3
BEERS,3
SOPRANO'S,3
POLITE,3
LOWENSTEIN,3
CAREER,3
SL55,3
JUN'S,3
SUCKS,3
PRESENT,3
SEPARATE,3
ADMIT,3
MASSARONE'S,3
MAIN,2
BAIL,2
COMPUTERS,2
SPECIES,2
SPIT,2
BARREL,2
HARDER,2
EDUCATION,2
BOTHER,2
LEGAL,2
NEUROLOGIST,2
WORKER,2
BECOMING,2
RENTED,2
ROLLING,2
MERELY,2
SONINLAW,2
TREAT,2
RICO,2
IMPORTED,2
HUMVEE,2
STOREFRONT,2
HOOKED,2
BERETTA,2
AMMONIA,2
DICKIE,2
INVITING,2
DESERVES,2
UN,2
NONNEGOTIABLE,2
STAKE,2
ADVICE,2
ARRANGEMENTS,2
JOANNE,2
REALIZED,2
CURSING,2
PLEASURE,2
ASKS,2
NEVERENDING,2
TOAST,2
MALL,2
LONELY,2
SOUP,2
BIOLOGICAL,2
FELL,2
SMUGGLE,2
SNATCH,2
EXERCISE,2
NAP,2
TWOINCH,2
BEER,2
EXPERIENCE,2
FREEZING,2
SAUSAGE,2
CAUSE,2
SELFIMPORTANCE,2
WILLOW,2
EVERYTHING'S,2
CHAIRS,2
TELEVISION,2
CAP,2
STRANGERS,2
STUDIO,2
WARM,2
HELOISE,2
CLASSIC,2
SPEAKING,2
SKEEVE,2
INJURY,2
BELLEVILLE,2
CUSTOMS,2
SHORTTERM,2
WALLET,2
EDITION,2
MMHM,2
NEEDLES,2
PARTICULARLY,2
HELD,2
FEAR,2
PAYMENT,2
ABELARD,2
10%,2
CONVICT,2
BRAIN,2
HOSTILE,2
DEFEND,2
DIFFERENTLY,2
TECHNICALLY,2
LOCKS,2
LENA,2
SHIPPING,2
SLEEPING,2
CHAT,2
COMMITMENT,2
CLEANING,2
BURIED,2
SHITTING,2
EAR,2
LOVELY,2
WATCHIN',2
CUZ,2
REVELATION,2
BECOMES,2
FORM,2
MEATBALLS,2
RELIGION,2
BUSTED,2
STUDENT,2
'ROUND,2
PISSING,2
SADNESS,2
WANDERED,2
DISGUSTING,2
1:00,2
OFTEN,2
RELATIONS,2
WIG,2
86%,2
65%,2
WHORES,2
DYER,2
DISCHARGE,2
CLUBS,2
BIKES,2
CONVERTIBLE,2
TRANSITION,2
SOON,2
BACKWARDS,2
FRIENDSHIP,2
SINATRA,2
FOUGHT,2
PROMISED,2
STAMPS,2
RACK,2
CHRIST'S,2
SAVED,2
DEALS,2
PERMISSION,2
AUTHORIZED,2
AWARE,2
UHOH,2
MORNIN',2
TERROR,2
MOTOR,2
PAULIE'S,2
SWERVED,2
NORTON,2
'86,2
UPON,2
PERFECT,2
'70S,2
NURSE,2
TESTED,2
APPROPRIATE,2
MICKY,2
FARRELL,2
EXCITING,2
MONTREAL,2
FLIP,2
TWOFACED,2
COLUMBIA,2
TRAGEDY,2
GRIEF,2
OBSERVATION,2
SAFE,2
BLOCKS,2
KRAMDEN,2
ED,2
CLEANERS,2
PINCHED,2
SNAG,2
ATTORNEY,2
WESTCHESTER,2
WHEEL,2
BENZ,2
ASA'S,2
WON,2
SUCKIN',2
JOSH'S,2
SEVERE,2
TOTAL,2
SURGEON,2
GENIUS,2
MOTHERFUCKERS,2
YISRAEL,2
ULECHOL,2
GUILT,2
SPACE,2
CONSULTATION,2
EXPLAINED,2
KEY,2
SEXUAL,2
BASKET,2
BAT,2
CENTRAL,2
EIGHT,2
JOKING,2
COUPLA,2
KNOCKOUT,2
ROOMMATE,2
RECONCILE,2
LIAR,2
REPRESENT,2
45,2
MIDLIFE,2
EYEBROWS,2
PRICE,2
RINGWOOD,2
SALVAGE,2
SACRED,2
FLAUBERT,2
LONELINESS,2
HOPES,2
COLON,2
RUSSIANS,2
AVOID,2
GS,2
JAYS,2
URGE,2
PANTS,2
EXPECTING,2
PROZAC,2
JOSEPHINE,2
MILESTONE,2
DETAIL,2
IRRITABLE,2
ADRIANA'S,2
HEAT,2
RETURNS,2
TONER,2
GI,2
GAS,2
PHINEAS,2
FORENSIC,2
BLOOMFIELD,2
KILLIN',2
YANKS,2
IT'SIT'S,2
LYSOL,2
OWL,2
FAN,2
TEETH,2
NIECE,2
DENTIST,2
SCENE,2
ESTABLISH,2
EFFORTS,2
CUSTODY,2
PROVIDE,2
APPLICATION,2
SWEAT,2
$500,2
SYMBOLIC,2
DISEASE,2
DESCRIBE,2
RELIEVE,2
MOVEMENT,2
ANDRE,2
FILLED,2
INNING,2
GREW,2
SURPRISED,2
AWESOME,2
FART,2
BASEBALL,2
PITCH,2
POVERTY,2
LEVEL,2
DESTRUCTION,2
EDDIE,2
CURRAN,2
DANIELLE,2
CARLO'S,2
DROWNED,2
SOMEHOW,2
TRULY,2
SMARTER,2
SLEPT,2
EROTIC,2
BROADWAY,2
FAIR,2
DUCKS,2
EMERALDS,2
LISTENS,2
ATTRACTIVE,2
WATCHES,2
SOONER,2
WAIT'LL,2
FAX,2
CALLIN',2
YELLED,2
RESOLUTION,2
WEARS,2
SADLY,2
PURPOSES,2
DEDICATION,2
PATSY,2
BEEMER,2
SHARP,2
ONGO,2
FRANKIE,2
TOPIC,2
MEADOWLANDS,2
LAWRENCE,2
PRACTICE,2
STORY'S,2
TOE,2
OLYMPICS,2
CHEATED,2
BRADLEY,2
RETURN,2
GRANDMA'S,2
GOLD,2
ACES,2
GRANDMA,2
TODD'S,2
CARTING,2
CONCERT,2
MUDVAYNE,2
MODELING,2
PATRICK'S,2
A'S,2
HICCUPS,2
CRIMINAL,2
UPPER,2
GUIDE,2
COMMERCIAL,2
SILVERMAN,2
IRA,2
RETIRE,2
THEY'D,2
JUICE,2
SHOWIN',2
SUICIDE,2
INSTRUMENT,2
VOWS,2
TORTURE,2
PISSY,2
PLANNER,2
DOC,2
RICH,2
DREAMS,2
DON,2
20%,2
PARDON,2
CHARGED,2
ADVISOR,2
ASSAULT,2
INVOLVES,2
LEARNED,2
INWARD,2
JUDGMENT,2
THEMSELVES,2
DEFINE,2
HEAVILY,2
HITTING,2
MONSIGNOR,2
AAH,2
ESPECIALLY,2
THAT'LL,2
POKED,2
FINGER,2
DRESS,2
OLIVE,2
CULTURED,2
AD,2
ITALIANS,2
YARN,2
FLIES,2
LANE,2
DECIDE,2
COMPLIMENTS,2
BEAUTY,2
FAMOUS,2
KIDS'LL,2
ARTHUR,2
HEROES,2
TEACHER'S,2
ADMISSIONS,2
QUIET,2
WARNED,2
DIPLOMAT,2
KNOCKING,2
INTERNET,2
SHAPE,2
PASSPORT,2
APARTMENT,2
FOWL,2
LOADS,2
DESIRE,2
SCORIN',2
ROAST,2
QAEDA,2
ENTERED,2
LISSIE,2
PUSHED,2
CONTEST,2
WORE,2
POPULARITY,2
BOUNDS,2
EXCELLENT,2
ORAL,2
ARRESTED,2
MINOR,2
MOMS,2
CONFLICT,2
FURTHER,2
CUP,2
ORCHARD,2
PREFER,2
MEAD,2
SUITES,2
ALGEBRA,2
GIANT,2
SCREAMING,2
POPES,2
PROTECT,2
ROBOT,2
CHRISTOPHER'S,2
TRADITION,2
PAYIN',2
POSITIONING,2
ESCALADE,2
CARPENTER,2
SORROW,2
SOLO,2
DRUM,2
BEATLES,2
SCREW,2
GILLIAN,2
SAFETY,2
ISOLATED,2
WEEK'S,2
DIRECTLY,2
MATH,2
EDGE,2
ULCERATIVE,2
COLITIS,2
NASTY,2
ACE,2
UNIVERSITY,2
TRIPLE,2
SCHOOLS,2
BURNT,2
RAMAPO,2
COLLEGES,2
GRILLED,2
INSTALL,2
TICKET,2
SENDING,2
TESTING,2
MISSION,2
TEENAGER,2
HANDLING,2
CLAVICLE,2
CHARGES,2
PAYBACK,2
SE,2
SHEETS,2
BITE,2
ZEROES,2
INCONVENIENCE,2
NONONONO,2
ANSWERED,2
SUSPECTS,2
COOPER,2
VIEJO,2
NEIL,2
BENEFIT,2
FRENCH,2
MEMBER,2
LAZY,2
BELONGS,2
BLOCK,2
MIXED,2
M,2
EASE,2
TEACH,2
MISTAKE,2
PERMIT,2
SHIRTS,2
BOXES,2
LOTS,2
CLOSING,2
PLAYIN',2
NAPKINS,2
STAKES,2
LEATHER,2
DOLL,2
BROTHERINLAW,2
HUSTLE,2
N,2
SLUMBER,2
UNDIGNIFIED,2
NONE,2
SILVIO'S,2
DINER,2
LOVING,2
RECLINES,2
YAM,2
4:00,2
'SCAROLE,2
PER,2
JOCKEY,2
LOCAL,2
JACKING,2
COUNSELOR,2
BOOKKEEPER,2
HOLED,2
LOSE,2
MAGAZINE,2
LIKELY,2
UNDERCOVER,2
PROSTATE,2
TAXES,2
AIRBAG,2
ARTIST,2
TIED,2
HEALTHY,2
LABOR,2
DAN,2
BACHELOR,2
SISTER'S,2
DISTRIBUTION,2
EQUITABLE,2
ROBERT,2
PRIOR,2
JUBILEE,2
TIMING,2
RAT,2
CALWEL,2
WES,2
TRUCKIN',2
REDEVELOPMENT,2
BID,2
MEDICATION,2
GOVERNMENT,2
GAMBLING,2
COMPLAINING,2
SOUL,2
GRADE,2
25%,2
PUSS,2
RECLAIMED,2
RON,2
SOGGY,2
ASSISTANT,2
BECOME,2
PAK,2
SEATS,2
CODE,2
THEORETICALLY,2
OFFERED,2
CONFIRMED,2
EVERYONE,2
WILD,2
CRAW,2
CEREMONY,2
STICKS,2
EXWIFE,2
BEACH,2
PRETEND,2
INVITATION,2
WHO'D,2
RADIO,2
AFFECT,2
MAINTAIN,2
SERVE,2
STALKER,2
RIDICULOUS,2
NAVY,2
GENEROUS,2
SOLIDLY,2
FACULTY,2
SOUTH,2
BLACKJACK,2
THRILL,2
STATIONED,2
DANGER,2
DI,2
BUST,2
FREDDY,2
EMPHYSEMA,2
SONS,2
ALL'S,2
VICTOR,2
ASSHOLE'S,2
LIFE'S,2
BASEMENT,2
SWEETIE,2
SOMEDAY,2
SCREWS,2
SHOTS,2
RESPECTFUL,2
COCONUT,2
POKE,2
WITNESS,2
CHINA,2
ACTS,2
TOUGHER,2
INVOLVED,2
'NIGHT,2
FOLLOWING,2
OVERREACTED,2
NOTE,2
TAILED,2
CHOKED,2
HIRED,2
CROSSEYED,2
OLDFASHIONED,2
VALUES,2
THROWING,2
OPTION,2
JUDAS,2
FLATTERING,2
JFK'S,2
RUG,2
CARIBBEAN,2
CARES,2
FOREIGN,2
BEHAVIOR,2
BASTARD,2
II'M,2
ENTREPRENEUR,2
SILENT,2
MEANING,2
CONCEITED,2
ANYHOW,2
SUPPLY,2
OWED,2
VACANT,2
15TH,2
SUGGEST,2
FUR,2
SOCKS,2
THREATENED,2
MINK,2
OWNED,2
CITIZEN,2
CRUTCH,2
OFFERING,2
PAKISTAN,2
WHISTLES,2
HEROIN,2
RISK,2
FANTASTIC,2
ACTRESS,2
9:00,2
HOLLYWOOD,2
USES,2
MOMMA,2
CATHOLIC,2
YORK'S,2
PROVE,2
LOANED,2
MUCKLE,2
KUMQUATS,2
EMBARRASSED,2
RANGER,2
HAPPENING,2
ADDICT,2
DROPPIN',2
DOUCHEBAG,2
NIEVES,2
ANSWERING,2
WISHES,2
GRACE,2
PENNSYLVANIA,2
SHOPS,2
BLOWS,2
BRO,2
ANTHONY'S,2
HAROLD,2
DOLLAR,2
BRAVE,2
PATRONELLA,2
BRIDGE,2
FOLLOW,2
EATIN',2
RED,2
SORE,2
BEANS,2
INVENTED,2
BARBARA'S,2
CRASH,2
ELEMENT,2
RACCOON,2
LIMO,2
CAMPBELL,2
RETIREMENT,2
MASERATI,2
WRITTEN,2
WOMAN'S,2
HOST,2
BAGS,2
PEACEFUL,2
SHOCK,2
GEORGE,2
MANNERS,2
WOLF'S,2
LATIN,2
75,2
KEEPIN',2
POKER,2
MARIO,2
HATED,2
COMMEND,2
CERTIFIED,2
STAYING,2
CREATE,2
TWENTY,2
DETERGENT,2
LOCK,2
SELLING,2
WOUNDS,2
PRINCESS,2
STAB,2
FUCKEDUP,2
VAN,2
MARBLE,2
AFTERPARTY,2
CHEMICAL,2
ALLENWOOD,2
DELIVERY,2
POSITIONS,2
INVITE,2
TIER,2
PACK,2
JOSEPH,2
J,2
HERMAN,2
600000,2
MUSIC,2
CINEMATOGRAPHY,2
SHAVING,2
BACKGROUND,2
MOVIES,2
WAITED,2
COGO,2
QUITE,2
GASSED,2
EARNERS,2
HUNTING,2
OFFENSE,2
SPIRITUAL,2
STARTING,2
INCREDIBLE,2
REPAIRS,2
PROPOSE,2
BUON,2
BEVELAQUA,2
USELESS,2
LESSON,2
FAST,2
ZIO,2
WEEKENDS,2
WARN,2
CUSAMANOS,2
JR,2
STRAPPING,2
PUSSY'S,2
TIES,2
OFFICER,2
SMELLS,2
FISHING,2
ACCOMPANIED,2
LAPSE,2
EASIER,2
ZOO,2
KINDERHOOK,2
75TH,2
ANNOYING,2
CHINESE,2
PUSS'S,2
FELSTEIN,2
INVESTIGATION,2
CHILL,2
GERARD,2
TIZU,2
PRIME,2
LEAD,2
SHIP,2
WEEKEND,2
FIXED,2
CD,2
SKANK,2
DIPS,2
FINN'S,2
12:00,2
WIND,2
RUSH,2
ONTO,2
PILE,2
DEBT,2
MOB,2
STEPS,2
POW,2
BANGS,2
GRANDSON,2
RETURNED,2
OLDIES,2
MADONNA,2
UNDERMINING,2
HURTFUL,2
CONSTANT,2
TRACKS,2
CHEER,2
CLOTHES,2
VIOLET,2
BLOWING,2
CUSTOMERS,2
WAITS,2
SCONES,2
SABLE,2
HANDLED,2
LEM,2
TOPS,2
NECESSARY,2
PLAZA,2
MONDAY,2
OCEAN,2
TENDER,2
GLASSES,2
CUSTOMER,2
AMONG,2
PATIENT,2
ANGELO'S,2
SEXY,2
AC,2
ALPHA,2
SHORE,2
ACTED,2
PARTS,2
AVELLINO,2
NEAR,2
TAPE,2
STORM,2
ITSELF,2
WASHED,2
ACADEMIC,2
AMBULANCE,2
CRACKED,2
FINDING,2
ALMIGHTY,2
FOND,2
CHAMBER,2
30,2
DANISH,2
SWEETEST,2
RICHIE,2
LIPS,2
CENTO,2
LIVELIHOOD,2
BOSSES,2
CONDO,2
ANGE,2
DOWNHILL,2
20SOMETHING,2
COPY,2
ANNI,2
STOPS,2
TOKEN,2
BARBARA,2
GUEST,2
COLLAPSED,2
PRODUCT,2
MUTUAL,2
SQUIRRELLY,2
JOYFULLY,2
REPLACE,2
BLOODSHED,2
CLIPPED,2
PROGRESS,2
BREAKIN',2
PRAY,2
PLAYED,2
ANCIENT,2
MIRSA,2
FAIRLY,2
PUTTIN',2
CHAMPAGNE,2
PARM,2
HELL'S,2
CIGARS,2
MAKINGS,2
DOWNTOWN,2
GROOMER,2
WING,2
POWERSHARIN',2
EH,2
RAYMOND,2
FORTUNE,2
OPERATE,2
MOOSE,2
ALLERGIC,2
RETURNING,2
ER,2
TRUNK,2
MOLINARO,2
CORRECT,2
MELFI,2
SHE'LL,2
DESTROYED,2
CHEERS,2
COUNT,2
CIVILIAN,2
NOBODY'S,2
SOMEWHERE,2
TRANQUILLIZERS,2
CEILING,2
SINS,2
CHEATING,2
PERFUME,2
BUD,2
RELATED,2
LAND,2
COVER,2
PREPARED,2
FORGOTTEN,2
SETUP,2
CROWD,2
S,2
CHECKING,2
VEGAS,2
LAWS,2
RACE,2
FELT,2
BIRD,2
SUPER,2
FINGERS,2
PERCENT,2
DRIVEN,2
SILLY,2
POPS,2
TIP,2
PACE,2
RUSSIAN,2
STRANGE,2
PRINCIPAL,2
MATURE,2
600,2
DRAW,2
LOYAL,2
HIJACK,2
LOCKED,2
FRENCHCANADIAN,2
ROMMEL,2
DIZZY,2
CHISELED,2
CRISTAL,2
REGRETS,2
DETAILS,2
MEMORIES,2
ELEVEN,2
ELSE'S,2
SNACK,2
MMMHMM,2
UNDERPANTS,2
CARED,2
HUSBAND'S,2
BETRAYED,2
ROLL,2
AMANDA,2
HARDON,2
LAUNDRY,2
BAY,2
CUTTIN',2
AMOUNT,2
ETHICS,2
PIGS,2
FORBID,2
DELUXE,2
SPANISH,2
WHOSE,2
MARIA,2
RAINBOW,2
WEAK,2
STOOL,2
SMILING,2
MUSHROOMS,2
PRESCRIPTIONS,2
KIDDIN',2
STROUDSBURG,2
DOLLARS,2
BIALY,2
CONFUSED,2
JEWELRY,2
BENING,2
ANNETTE,2
MEAL,2
EPSTEINBARR,2
PRONE,2
150,2
JFK,2
AFFAIR,2
KINDS,2
PROMOTION,2
TRAPPED,1
RIGHTHAND,1
INGREDIENTS,1
CLASSY,1
COINS,1
FAGGOT,1
PRECLUDES,1
JON,1
STEAL,1
RECONSTRUCT,1
FINANCES,1
BASED,1
OUTLINED,1
FAVREAU,1
UCLA,1
Q1043,1
SPICY,1
CASTING,1
UNSENTIMENTAL,1
PRIZE,1
SALT,1
TRUMPAY,1
BMW,1
ADS,1
PHOTOGRAPHER,1
BURRELL,1
SHELLED,1
CHICKEN'S,1
PHOTOGRAPH,1
HEMPSTEAD,1
DAMNED,1
ANDY,1
911,1
ANGELS,1
MISTER,1
WHIRLPOOL,1
PA,1
GRADUATED,1
DUET,1
SHADOW,1
SCREAMED,1
SANG,1
10:30,1
RECUSE,1
CINEPLEX,1
BALCER,1
TAORMINA,1
PROCEEDINGS,1
PATH,1
HONEYMOON,1
STROKES,1
SECRETARY,1
NIEMAN,1
TRAIN,1
PAYS,1
ROASTING,1
REPRESENTING,1
RENÉ,1
MEETINGS,1
LABORER,1
TRANSFER,1
DUCKING,1
PEEPHOLE,1
ABROAD,1
SNAP,1
KICKS,1
FILET,1
BOTTEGA,1
ASAP,1
GOLDPLATED,1
EXPECTED,1
EMMY,1
TRESPASS,1
TRESPASSES,1
LOWER,1
SINNERS,1
WOMB,1
EARNING,1
CHANGEOFLIFE,1
STARVED,1
THY,1
HYDRANT,1
SIGNALS,1
LEANING,1
YALE,1
10:00,1
NEUTRAL,1
CHARACTERIZE,1
MA'S,1
LAMB,1
CHOPS,1
OVERCOOKED,1
THOU,1
THEE,1
BENDING,1
HAIL,1
SILVER,1
PRAYER,1
THUS,1
EXFUCKINGWIFE,1
$15,1
LIMP,1
DUMB,1
BUSINESSWISE,1
LIQUOR,1
COUNTER,1
SMOKING,1
SOLVED,1
OVERDUE,1
BREATHE,1
GRATIFY,1
OPENING,1
GRILLING,1
OXYGEN,1
HODGKIN'S,1
DIAGNOSED,1
TENT,1
HARDWARE,1
OSCAR,1
CHESTNUTS,1
RAVING,1
NODDING,1
VEIN,1
HEELS,1
MANPOWER,1
BACON,1
HARDEST,1
SAUCE,1
LAPTOP,1
STOCK,1
AWARD,1
ACADEMY,1
GABADOTZ,1
SEATED,1
MERE,1
ADJUST,1
VALUE'S,1
NICOLO,1
66,1
FICTION,1
EMULATE,1
RECOMMEND,1
PULP,1
BETRAYALS,1
BUSINESSMEN,1
FAULTS,1
AUTODAFÉ,1
GIRLFRIEND'S,1
MANEUVER,1
ARMOR,1
ATTORNEYS,1
PAYMENTS,1
SUCCUMBING,1
KNIGHT,1
PICKY,1
ETHICAL,1
SOLUTION,1
SEVENTY,1
TIA,1
UNREPORTED,1
CEMETERY,1
ZIO'S,1
ANSWERS,1
MEDICATION'S,1
STREAM,1
MARKED,1
VENETA,1
STRUGGLED,1
MISCARRIAGE,1
EARTH,1
SILICONE,1
AMICABLE,1
HABITS,1
NICOLO'S,1
FRANK,1
HEADSTONE,1
INTERMENT,1
REMAINED,1
WHEELCHAIR,1
WIDOW,1
SICKNESS,1
PEEPS',1
YANKEE,1
GRANDCHILDREN,1
EVERYWHERES,1
HOOKER,1
IRREDEEMABLE,1
IMAGINED,1
SPLATTERED,1
NICKY,1
ACCORDING,1
CONTAMINATED,1
INDICTMENT,1
HUNCHBACK'S,1
INVESTMENTS,1
MIGNON,1
HUMP,1
ENORMITY,1
COLLEAGUE,1
STUGOTS,1
REFLECT,1
NUNS,1
MOTHERINLAW,1
GRAD,1
ARAB,1
CHERRY,1
KRAUTS,1
HIGHLY,1
TONY;,1
SUNDAE,1
GRILLMEISTER,1
BLUEBERRY,1
FARMS,1
DISCRIMINATORY,1
WELSH,1
FRICK,1
SPIRAL,1
APPLY,1
BREACH,1
EVIDENT,1
PENAL,1
REHABILITATION,1
NATURE,1
INSTILLS,1
MENTALITY,1
PATERSON,1
BUND,1
RAINEY,1
ENGRAVING,1
12GAUGE,1
28INCH,1
HONE,1
PAYDAY,1
PYRAMID,1
JAY,1
INJECTION,1
VENISON,1
OVERUNDER,1
ARTISANS,1
FRACK,1
VISUALIZE,1
REENTRY,1
BRESCIA,1
TEACHING,1
CARLOS,1
HISSELF,1
1500S,1
MADONN',1
EXPORT,1
PICKS,1
IRAN'S,1
SHAH,1
OFFCOLOR,1
HALFWAY,1
LESTER'LL,1
NOVI,1
DRIVE;,1
LIGHTEN,1
MARYLAND,1
VIRGINIA,1
MAYO,1
NONO,1
TWIRLING,1
VENUE,1
GOVERNOR,1
CRABS,1
VATICAN,1
AMBASSADOR,1
ROME,1
INSULTS,1
INVITED,1
BFD,1
CUOMO,1
SLAVE,1
TONY'LL,1
SEAMEN,1
CROCK,1
FIXIN',1
FUNCTION,1
OUTLAY,1
CLAIM,1
EXTRAS,1
BLEEDIN',1
LIBERAL,1
SUNNY,1
HARLEM,1
BUILT,1
REAR,1
DENT,1
FRIEND'S,1
MAXIN',1
IT;,1
K,1
BELTTIGHTEN,1
TRANCES,1
ABLEBODIED,1
REP,1
GIUBILEO,1
FREEPORT,1
CHARCOAL,1
REPLACED,1
OSSO,1
DASH,1
GRAIN,1
GUESTS,1
REPLACIN',1
ROLLIN',1
STEVIE,1
ARRIVING,1
ASKEW,1
HOSIN',1
AGH,1
PALUMBO'S,1
GENNARO,1
'FRITTO,1
BACALA,1
PERFECTLY,1
BOLT,1
LEFT;,1
SAZEECHA,1
DUKE,1
BOLLITO,1
CONSENSUS,1
PROSCIUTTOWRAPPED,1
TOURS,1
RADIATION,1
SYMPATHIES,1
DETESTED,1
NORTHERN,1
MIO,1
DIO,1
POMMODORI,1
CHEVRE,1
SKEEVED,1
$2000,1
NEOPOLITANS,1
SIGILIAN',1
CHAMP,1
BOOT,1
RECIPES,1
D'OEUVRES,1
HORS,1
TUSCANY,1
COOLED,1
PORTAVAC,1
BAKING,1
TRACE,1
MELLY,1
AUDIENCE,1
SALADS,1
APPETIZERS,1
USIN',1
PILLAGED,1
HICKORY,1
GATHER,1
SALSICC',1
HEREHERE,1
FISHIN',1
DOCTORATE,1
MMHMM,1
MAR',1
BRIDE,1
PRETTIEST,1
FREELOADERS,1
PRESENCE,1
GIFTS,1
MERCENARY,1
STRATOCASTER,1
TOMORROW'S,1
MADHOUSE,1
KISSINGER'S,1
PRINCETON,1
SCOURIN',1
YEP,1
TOWEL,1
INTERNATIONAL,1
CHANCES,1
ICEBOX,1
MAPLEWALNUT,1
GREETINGS,1
11:00,1
LETTIN',1
SALSA,1
SERIES,1
SURVIVE,1
FRIG,1
DOORS,1
DESTROY,1
SHORTHANDED,1
REFRIGERATE,1
AFFAIRS,1
ANDREW,1
SHOOK,1
POMPOUS,1
ELECTROLYTES,1
FORTH,1
CHORUS,1
SCHOOLED,1
HOMELESS,1
LIMPING,1
JOEY'S,1
JOEY'D,1
MAINE,1
RESPIRATORY,1
ILLUSTRATE,1
DROPPING,1
ALLOUT,1
DISTRACTED,1
PHONED,1
KNEE,1
HISTORICALLY,1
HISTORICAL,1
TREATIES,1
NULL,1
VOID,1
CHEEK,1
SAUSAGES,1
FLAG,1
EFFECT,1
RADIATOR,1
IRVINGTON,1
BATCH,1
DUMMY,1
HELICOPTER,1
CAPTIONS,1
CONSISTENTLY,1
CATACOMBS,1
OUTLOOK,1
SURF,1
OVERTURE,1
INSIST,1
HUGH'S,1
CASA,1
MAXIMUM,1
CONTRIBUTE,1
CURRENT,1
RECIPROCATE,1
UNCOMFORTABLE,1
OVERSTEP,1
QUADRUPLE,1
BYPASS,1
UNDERSTANDS,1
ECONOMY,1
GRILL,1
MANNING,1
ECONOMIC,1
BACKYARD,1
ROOFING,1
HEDGES,1
BRUISING,1
KNIGHTS,1
PLACEMENT,1
QUITS,1
PISSED,1
SPARED,1
CRAPPIEST,1
PRIVATE,1
MCJOBS,1
COAST,1
SAILED,1
SINKING,1
UNDERSTANDING,1
REEKS,1
JETBLUE,1
DRAWS,1
VERIFY,1
GUINEA,1
BROKER,1
SONINLAW'S,1
INSURANCE,1
WASHING,1
BEES',1
MANHOLE,1
NICKELS,1
TREATS,1
NEST,1
DUCKIN',1
MI',1
SITDOWN,1
STRONGER,1
FUNDAMENTAL,1
THRONE,1
99,1
390,1
176,1
GRAY,1
MOSES,1
OCCASION,1
ORANGE,1
'96,1
KNOWIN',1
UGH,1
DAGGER,1
CLOAK,1
PRESENTS,1
HAMMERS,1
VESUVIO'S,1
UNACCEPTABLE,1
HAMPER,1
AXIS,1
GAMEBOYS,1
ATLANTA,1
SAUDI,1
ARABIA,1
RIGHT;,1
BORROWED,1
OPENS,1
STEALS,1
ARMBANDS,1
KILTER,1
YOUNO,1
IDIOTS,1
BASTARDS,1
STRANGER,1
PERSUASION,1
SOAKING,1
FIVEPAGE,1
MARITAL,1
GAVONE,1
GAVONES,1
FEG,1
UNLIKE,1
HERITAGE,1
FAGO,1
OCTAVIA,1
MARIN,1
ROSE,1
VOWEL,1
SELFLOATHING,1
RISE,1
LESTER,1
DEMANDS,1
SHINDIG,1
SOMETHING'S,1
JASON'S,1
AUTOMATICALLY,1
NACHO,1
HOO,1
ARRIVEDERCI,1
BOTTOM,1
EIGHTH,1
SEDATED,1
ROGER,1
METS,1
TYING,1
FORTUNA,1
BUONA,1
DRAWER,1
SWEATY,1
RASTA,1
PRISONER,1
ESTA,1
COMO,1
35¢,1
ADDITIONAL,1
PRESSING,1
COMPLETED,1
MADEUP,1
WALNUTS,1
ACURA,1
UNITS,1
SALVATION,1
DULLER,1
ARMY,1
INEVITABLE,1
BRILLIANT,1
FRONTEND,1
PHILLIP,1
COMATOSE,1
TWOBYFOUR,1
CRYSTAL,1
AREAS,1
EARNS,1
PHIL'LL,1
WAREHOUSE,1
HEATHER,1
MUZ,1
BURGLAR,1
CANNON,1
PERSONNEL,1
PADS,1
LUCIE,1
'98,1
HOUNDING,1
FURIO,1
INDISCRETIONS,1
POPEYE,1
FIDELITY,1
TRAVELED,1
ACTIVITIES,1
RAKING,1
CUSHING'S,1
DISTANCE,1
FOOLING,1
AUDIO,1
LEWIS,1
FEATURES,1
FACIAL,1
INDISCRETION,1
DISREGARD,1
KNOT,1
RETALIATION,1
COUNTERATTACKS,1
STAGMIRE,1
BUNKER,1
RESERVATION,1
REINS,1
WHACKING,1
CRIED,1
BLUEEYED,1
KNEES,1
HIGHWAY,1
CATCHES,1
JAMMED,1
LASTCHANCE,1
SWELLING,1
GAIN,1
DISTURB,1
9A,1
DAYLIGHT,1
146,1
CAUSING,1
MOL,1
ROUTE,1
UNPREPARED,1
ALARMED,1
TEMPORARY,1
TB'S,1
PRETENDED,1
DYING,1
APE,1
WINGED,1
URGENT,1
NOPE,1
LIGHTS,1
GAB,1
BARKING,1
5:30,1
À,1
STRYCHNINE,1
WALTER,1
FINIS,1
POLYPS,1
FLAREUP,1
REGIME,1
PREDNISONE,1
STEROID,1
WEIGHTLIFTERS,1
HOWEVER,1
EFFECTS,1
MILK,1
CARTON,1
SMELLY,1
CALVIN,1
NEWARK'S,1
BODEGA,1
MUSEUMQUALITY,1
TOBACCO,1
BUREAU,1
REDNECK,1
KELVIN,1
VALENTINE,1
WALL,1
CATERER,1
INTRUDE,1
RESCUED,1
SUPPOSING,1
GINSBERG,1
SPICS,1
BEEFS,1
SUPERVISES,1
LOYALTY,1
PARIAH,1
TEASING,1
DOWNLOADING,1
BANG,1
ASSWIPE,1
SCUMBAG,1
BULLS,1
ATHLETIC,1
DETECTIVES,1
WHAT'SHERNAME,1
NAUSEAM,1
BURNED,1
GETGO,1
OVERSEE,1
SPEC,1
ACRE,1
THREATS,1
SEMICOLON,1
VEGAN,1
IMPENDING,1
DOOM,1
GRANTED,1
THRILLED,1
SORRIES,1
HEARTLESS,1
ASPETTA,1
SANCTION,1
TRADITIONAL,1
LONEGUNMAN,1
THEORY,1
RELATIVES,1
200000,1
CRESTVIEW,1
MOLLUSKS,1
CONCH,1
KNOBBED,1
WHELK,1
RETOUCHING,1
SPINES,1
LANDS,1
APPRENTICE,1
DELANEY,1
BRIDAL,1
GOWN,1
PROCESSED,1
FLAMES,1
PARTLY,1
MONTEVANI,1
FIELD,1
WAGON,1
ELEGANT,1
GENTLE,1
WELLTRAINED,1
STATEOFTHEART,1
WEIGHTS,1
EQUIPPED,1
STANDARD,1
VANDERBILT,1
JILL,1
CHIPPED,1
BELLMAN,1
CONCIERGE,1
24HOUR,1
SHARICE,1
COOKED,1
PLEASURES,1
MYSTERIOUS,1
JADE,1
ESCORTS,1
EXOTIC,1
1900555JADE,1
SATISFY,1
ACCEPTED,1
AVAILABLE,1
DOT,1
PORTABLE,1
IMMEDIATELY,1
OLDTIMER,1
LIFTING,1
STANDUP,1
SURFACES,1
MATES,1
MCDONALD'S,1
AMP,1
PERQUISITES,1
GODFUCKINGDAMN,1
GUATEMALAN,1
DREAD,1
FALLING,1
WAVERUNNER,1
KICKING,1
BAKE,1
KITCHEN,1
CETERA,1
MOODS,1
TWINE,1
BACTERIA,1
SPONGING,1
HYPERBOLIC,1
GRAFT,1
FORGETS,1
WARD,1
SARCASM,1
NIGHTS,1
RAG,1
SMELLED,1
VICTIMS,1
ARYAN,1
DRAMA,1
GRAFTS,1
CHARMAINE,1
NOTARY,1
COMIC,1
SHAREEF,1
INCIDENTAL,1
MINIBAR,1
ET,1
VIOLIN,1
STARING,1
DEADER,1
WIPED,1
MUZZLE,1
SOLVE,1
RIDES,1
CARRIAGE,1
MICKS,1
NOISE,1
BESIDE,1
READING,1
PRES,1
YEARLY,1
BONE,1
BUGSY,1
PREVENT,1
TINKLE,1
CONDITIONS,1
DINGUS,1
DUMBASS,1
CLEAVE,1
BUMS,1
BIALYS,1
LISTENED,1
PISMIRE,1
EXCEPTION,1
PROVES,1
RULE,1
KIDS',1
MILLIONTWO,1
SUCCESSFUL,1
SMARTS,1
PERSONALITY,1
LEADERSHIP,1
CHERISH,1
GLEE,1
DENSITY,1
SPIRITS,1
OBJECT,1
KISSER,1
STEAMED,1
FORK,1
DREAMING,1
HOWDY,1
RIDING,1
¿HABLA,1
NOSING,1
INGLÉS,1
SÍ,1
ESPLANADE,1
SEÑOR,1
PREMISES,1
AMMAZZ',1
SINGERS,1
NERVOUS,1
HIYA,1
HOSPITALS,1
GOODL,1
OWNER,1
SWEETHEARTS,1
POCKET,1
CAPPER,1
FLIGHT,1
6:30,1
136,1
CAST,1
LIPIDS,1
FAIRY,1
HITCHING,1
HEAL,1
SHAGGY,1
BLUNDETTO'S,1
FLOPPED,1
LEAK,1
SNOWBLOWER,1
BREW,1
JUICERS,1
JOCKS,1
UPHOLDING,1
COUSIN'LL,1
RAM,1
DISCMAN,1
ALCOHOLICS,1
CANADA,1
ILLUMINATE,1
BOW,1
NAGGING,1
GARDENER'S,1
MOTIVATOR,1
CLUE,1
ORDERED,1
AMARETTO,1
THAT'VE,1
COOKIE,1
PREAMBLE,1
PRELIMINARY,1
DRAWINGS,1
TRISHA,1
IGNATZ,1
SPECIFICS,1
RESPONSIBLE,1
BULLET,1
NORMANDY,1
FUNDS,1
FLAWS,1
RETRIAL,1
STATUS,1
FLED,1
TIMEPIECES,1
OREGONIAN,1
$3995,1
YOUNGER,1
STUNAD,1
SOUNDED,1
CARETAKER,1
FOREVER,1
H,1
SNORTED,1
CONGRATULATIONS,1
THIS:,1
SCHEDULE,1
PLUMBER'S,1
BEN,1
POSSIBILITY,1
SURVEYOR'S,1
FRACTURED,1
UNAFRAID,1
BOSS'S,1
STAGE,1
WFAN,1
FACET,1
FADE,1
FORENSICS,1
SIGNED,1
PRIDE,1
PANCAKE,1
DIRECTOR'S,1
DEADLY,1
FAVORITISM,1
MILT'S,1
FRIES,1
FINANCIALLYWISE,1
RAYMOND'S,1
WAGONS,1
CIRCLE,1
LAM,1
PRECISELY,1
LIEUTENANT,1
SAFETYWISE,1
CHATEAUX,1
DIRECTING,1
SINGLE,1
CIRCUMSTANCES,1
IRREGARDLESS,1
BEGIN,1
TREASURE,1
BOTTLED,1
DIVISION,1
DEPENDENCIES,1
PANZER,1
ARMORED,1
STARTLING,1
INSTINCTIVE,1
SPONTANEOUS,1
INFREQUENTLY,1
OBSCURE,1
FORMING,1
FRANCE,1
IDOLIZED,1
BOUNDLESS,1
PROMOTED,1
1916,1
MOLLIN,1
WINEMAKERS,1
ANCESTORS,1
ACUTO,1
ROMANS,1
TIDE,1
TISCH,1
ENTRY,1
FORTUNOFF'S,1
PATTERN,1
STIFFED,1
RUDDERLESS,1
DEVASTATED,1
SEA,1
STEPPING,1
1500,1
IKE,1
T'S,1
RAINS,1
IT:,1
RAY,1
CANDOR,1
NATALE,1
CLAUDE,1
SIZING,1
FINGERSPITZENGEFÜHL,1
GERMANS,1
TRUEST,1
GEESE,1
LOGICAL,1
SACRIFICE,1
BLITZKRIEG,1
BUNT,1
FINANCIAL,1
SQUEEZE,1
POSTPONE,1
STALL,1
COM,1
POWDER,1
IMPRESSED,1
PREP,1
RUNS,1
REDISCOVERED,1
PRAYS,1
MOPS,1
LAXATIVE,1
TERMS,1
KINKO'S,1
KAMAL,1
X,1
TREMENDOUSLY,1
REALIZATION,1
MIDEAST,1
BUCKLED,1
OBSTRUCTING,1
ONGOING,1
DRUGRELATED,1
HOMICIDE,1
25,1
FORMALLY,1
WOMEN'S,1
DETENTION,1
ALTERNATIVE,1
COOPERATE,1
FRONTS,1
DETERMINED,1
COOPERATING,1
ACADEMICS,1
WIRED,1
ENERGY,1
MATUSH'S,1
STEM,1
RESILIENT,1
TRICK,1
RETINA,1
DETACHED,1
CHIARA,1
GAB'S,1
FLY,1
CORK,1
GREENBROOK,1
STRONGEST,1
CELEBRATE,1
PATRICK,1
HERMÈS,1
BEDROOM,1
BOGUS,1
CUPS,1
MONTVILLE,1
ADMISSION,1
FESTIVE,1
MATTERS,1
SAVOR,1
CUP'S,1
VISÀVIS,1
DUMPSTER,1
SENTIMENTALITY,1
GILBERT,1
PARTIAL,1
TRACES,1
INFRARED,1
HIGHSENTIMENTALITY,1
STABBED,1
DISPOSE,1
EVIDENCE,1
OFFICIAL,1
DEVOTING,1
DEFENDER,1
NONPLUSSED,1
RUMOR,1
FOLKS',1
ROY'S,1
PEN,1
PINNED,1
SEC,1
SHINES,1
AWHILE,1
LAP,1
COS,1
FILMING,1
PLATES,1
INFORMATION,1
IIII,1
ROT,1
DEVELOPER,1
ENVIRONMENTAL,1
DEMOLITION,1
LAKE,1
MEMOIRS,1
FIREPLACE,1
NPR'S,1
MARGOT,1
ADLER,1
REPORTS,1
PILLS,1
TROOPER,1
APPEAR,1
SUICIDAL,1
DEVIL,1
INCH,1
DEMARCO,1
EGO,1
TWOS,1
ADROIT,1
IRON,1
RECURRING,1
WRIST,1
REGISTRY,1
DECANTER,1
LEAF,1
BUFFET,1
HOLIDAY,1
RONNIE,1
FRYING,1
BACKED,1
COSTING,1
INSIDES,1
HATES,1
WIRETAPS,1
PRAGMATIST,1
CI12,1
SCREENWRITING,1
RAHWAY,1
SAM,1
EXCON,1
GOLDWYN,1
CONFER,1
GUARANTEES,1
DEPENDING,1
IMMUNITY,1
RELOCATION,1
SURVEILLED,1
TENNIS,1
CAVE,1
INFECTION,1
WITHHOLDING,1
PROMINENCE,1
ANXIETY,1
BUMPED,1
FAINTED,1
THREEMONTHOLD,1
BOOTEES,1
BEANO,1
SLOWLY,1
4F,1
BETAMAXES,1
NAM,1
CARRY,1
JOBS,1
TREMENDOUS,1
COCKSUCKIN',1
JIGABOO,1
PUSSYASS,1
WEAKNESS,1
PROPOSED,1
DEGREES,1
GRADUATION,1
TINKER,1
POTS,1
ONLINESS,1
MILLER,1
MILL,1
GRINDING,1
SOFT,1
♪,1
FURIOUS,1
HACKENSACK,1
LONGSHOREMEN,1
HEIGHTENED,1
MOOLINYANS,1
TRUCKLOAD,1
BATTING,1
CANTER,1
DISSOLVING,1
CASELOAD,1
PARTNERS,1
DEMURRED,1
LEGITIMATE,1
DEFENDANT,1
STATEMENT,1
HIJACKING,1
STRONGLY,1
PROSECUTOR,1
MED,1
EVENTS,1
EXTERNAL,1
FORCED,1
20YEAR,1
BECAME,1
OVERCOME,1
EMOTION,1
TEE,1
KRATIONS,1
RECENTLY,1
CURED,1
REAPPEARED,1
REBUFFED,1
AFFECTIONS,1
MEXICAN,1
CHOKE,1
BORROW,1
TOOLS,1
GROWN,1
HEHE'S,1
KEATON,1
ELBOWS,1
LOSERS,1
YSO,1
SCREENPLAYS,1
SESSION,1
CUBS,1
LION,1
PHIA,1
CÉLÈBRES,1
WRONGFUL,1
NEGATIVES,1
TOWNSHIP,1
SUING,1
COLLAR,1
INCONSIDERATION,1
PERCEIVED,1
INDIVIDUALS,1
SPECIALISTS,1
WEIGHTLOSS,1
SPECIALIST,1
TASTED,1
CARDINAL,1
SPITFIRE,1
TENSION,1
DOGEATDOG,1
CLEARS,1
ROULETTE,1
GRABBING,1
ANYWHERE,1
2500,1
FRIGGING,1
G'S,1
PET,1
GINA,1
PSYCHOLOGISTS,1
SOCIETY,1
KAKUK,1
CARL,1
PUTZ,1
FOUL,1
TRIPPED,1
TRIPPING,1
PUSHING,1
100,1
AWFULLY,1
REMARKS,1
DISGRACE,1
ESSEX,1
COUNTY,1
LED,1
VERONA,1
GLESSNER,1
SUMMIT,1
BELA,1
9,1
GIRLS',1
ALTERCATION,1
DENISE,1
MCCARTHY,1
WITNESSED,1
TAPING,1
CAPTURED,1
MÊLÉE,1
PENDING,1
SHOWN,1
BACCALIERI,1
REPUTED,1
MAFIARELATED,1
PARAPHRASE,1
OBNOXIOUS,1
FIREPLUG,1
PEARLS,1
MOUSTACHE,1
TRAFFICKING,1
SIDEBURNS,1
BIRTHDAY'S,1
EARRINGS,1
EBEL,1
NECKLACE,1
KREPLACH,1
SELLS,1
EIGHTEEN,1
SKIMMING,1
CARTRIDGES,1
CASES,1
YEARS',1
KISSING,1
FIREMAN,1
TIME'S,1
8:00,1
CIVILIANS,1
NIGGERS,1
EUGENE,1
PONTECORVO,1
HOMICIDES,1
CREW,1
CHILI,1
AUSA,1
AFRICANAMERICANS,1
ANTHROPOLOGY,1
MODES,1
MEZZOGIORNO,1
CORRUPT,1
EXERTING,1
SHARK,1
MENTIONING,1
TREADS,1
AGGRESSIVELY,1
OUTRAGE,1
SPARE,1
AMBUSH,1
WAITIN',1
HOSE,1
SETS,1
DEPENDENT,1
TOWARDS,1
SCRAP,1
ENTRANCE,1
TIRES,1
SCRUB,1
BUCKET,1
PURSUE,1
FEEDER,1
INVESTMENT,1
DIAMOND,1
ZIGS,1
ZAG,1
FLIRTING,1
INTENSE,1
TOGETHER'S,1
UHUH,1
HITS,1
CUBBIES,1
SHELLACKING,1
AEROSMITH,1
PERRY,1
CHUMMY,1
HELPED,1
MORTAL,1
COOPERATOR,1
GLORY,1
AGENDA,1
TELEPHONE,1
INTERRUPTING,1
KINDLY,1
ASIDE,1
EASED,1
SWEATING,1
PROMISES,1
RISEN,1
RETARD,1
MULTITASK,1
CLEANED,1
DOUGHNUTS,1
SAKES,1
RAMOS,1
DALE,1
CIA,1
ALEX,1
RACEHORSE,1
ARCHNEMESIS,1
HELPS,1
BASELINE,1
SHUCKS,1
ANTHEM,1
FOLK,1
DISCUSSIONS,1
STRINGS,1
WANTING,1
ABUNDANT,1
INTENTIONALITY,1
HUNTER'S,1
VISITED,1
RAMOS'LL,1
TYSON,1
ALI,1
GALL,1
FIRSTBORN,1
RESURRECTION,1
UNTO,1
ETERNAL,1
RESTING,1
NICKNAME,1
PEPARELLI,1
REDO,1
DYSLEXIC,1
COUNTENANCE,1
SPIRIT,1
STONE,1
DOCK,1
YELL,1
SPINNING,1
SURVEYED,1
KISSES,1
SINCERELY,1
SPOTTED,1
GENDLER,1
DRUNKEN,1
IRISH,1
IDIOT'S,1
EXPLANATION,1
DISAPPEARED,1
MONTICELLO,1
CRACKHEAD,1
THEAH,1
HUMBLING,1
DENTISTS,1
SERVICED,1
DEVELOPER'S,1
JARS,1
WEGMAN,1
STOPPING,1
ESSENTIALLY,1
IMPOSSIBLE,1
PHYSICALLY,1
INSPECTED,1
2%,1
FEWER,1
CONTENT,1
ENTER,1
DES,1
ERGONOMICALLY,1
SWITCHED,1
MERROW,1
BEAKS,1
COMMERCE,1
OFFICIALS,1
TERRORISTS,1
CAPABILITIES,1
ISLAMIC,1
FUNDAMENTALISTS,1
DETONATE,1
HIDDEN,1
TERRORIST,1
WIDE,1
GOVERNMENT'S,1
SUBSTITUTE,1
RADIOACTIVE,1
DETECTED,1
ABOMB,1
NIGHTMARES,1
TURKEYS,1
BEAKSKILL,1
BEAK,1
LATEST,1
7:00,1
MNEMONIC,1
BARB,1
SHOULDERS,1
VICTIMIZED,1
POUTING,1
BANGING,1
PROMPTLY,1
WITS,1
SEEPMAN,1
DVD,1
FED,1
MANAGEMENT,1
RINK,1
MIKE,1
PINOCHLE,1
RAVENHAIR,1
LOUISE'S,1
MAYOR,1
RECOVER,1
12STEPPER,1
SOBRIETY'S,1
MOCKED,1
YAMMERING,1
SWEETS,1
LIME,1
WEALTHY,1
BULLSHOT,1
SCHWARZENEGGER'S,1
STEEP,1
HUMJOB,1
HUM,1
ALLIGATORS,1
ROADSIDE,1
MATT'S,1
BEATERS,1
JEWEL,1
SANDALS,1
SNEAKERS,1
BROCHURE,1
SHOUTINGBETWEENROOMS,1
TABASCO,1
CONFESS,1
AGENTS,1
DARLING,1
FROWN,1
BLEU,1
SACRÉ,1
PHOEBE,1
JANICE'S,1
ANTIGUA,1
SUNFILLED,1
SAND,1
TEMPERATURE,1
UNDIVIDED,1
ATTEN,1
LUCKED,1
ARCHITECTURAL,1
FIXTURES,1
TOILETS,1
SANFORD,1
EMBARRASSING,1
INSTALLMENTS,1
PRACTICAL,1
RABBI,1
PRIEST,1
ROLLED,1
HAL,1
$300,1
EGGPLANT,1
TREATMENTS,1
ANTITERRORISMWISE,1
COCKSUCKERS,1
SNEAK,1
ADMINISTRATION'S,1
HANDING,1
NONCOMPETITIVE,1
CONTRACTS,1
HOMES,1
CHAINLINK,1
ANNIHILATION,1
CINDERS,1
PEEL,1
DERMATOLOGY,1
NICELOOKING,1
BAND,1
ASTRONAUTS,1
HALFPRICE,1
PERMANENT,1
QUITTING,1
POLITICS,1
MAHATMA,1
GANDHI,1
DONOTCALL,1
TELEMARKETERS,1
G5,1
64BIT,1
ARCHITECTURE,1
MATT,1
PRICES,1
COSTCO,1
FENCEPOSTS,1
COLONY,1
SWISS,1
DORIS,1
SELFISHNESS,1
SENSATIONS,1
BUFFERIN,1
'60S,1
BIKE,1
BILLY'S,1
GROCERIES,1
VEHICLE,1
STEPKIDS,1
PARKED,1
ELEPHANT,1
TRIGGER,1
SITUATIONS,1
JOT,1
IRRITATING,1
RESPONSE,1
TRIGGERS,1
EVELYN'S,1
BIASED,1
MARCHED,1
BLASTING,1
RAP,1
FITS,1
PRICELESS,1
TIMETRAVEL,1
ACTUAL,1
CLENCHED,1
PROVOKING,1
VALLEY,1
SLEEPY,1
HOLLOW,1
ENGAGEMENT,1
WORN,1
BEGGING,1
TRAMPED,1
BULLDOZERS,1
CAKES,1
LUCK'S,1
CYCLE,1
KNOCKAROUND,1
SUMMERS,1
COMMITTED,1
BARNEY'S,1
VENTILATED,1
COTTON,1
DRYER,1
RESENTMENT,1
TEASED,1
19,1
STICKERS,1
LAWYERS,1
INITIATED,1
WORSHIPPED,1
WHEELS,1
CURSE,1
TINACTIN,1
LAYS,1
200KAYEAR,1
COW,1
WEALTH,1
SOLDIER,1
DRAINED,1
ELECTRICITY,1
POLLUTED,1
DECENT,1
$50000,1
SCUFFED,1
PICKERS,1
EXCAVATE,1
TAMPING,1
RUBELL,1
AIRBORNE,1
82ND,1
VOLUNTEERED,1
SKY,1
54,1
WOODS,1
WIDOWER,1
STICKING,1
SHOPPING,1
LARGEST,1
INNER,1
INNERCITY,1
FUNNEST,1
IMPOSITION,1
CZECHOSLOVAKIAN,1
STEVE,1
MYERS,1
COCKSUCKING,1
RESENT,1
PIER,1
SUPPORTIVE,1
FIASCO,1
KILLERS,1
SHIPMENT,1
ELECTING,1
BEGAN,1
RUE,1
BROTHERS',1
NORTHWEST,1
AGITATION,1
III'LL,1
ANGERMANAGEMENT,1
GOTTI,1
500POUND,1
TRACTOR,1
BRUSH,1
SCYTHE,1
BASINIGOL,1
ONETIME,1
SENTENCE,1
ATTACKED,1
STEPKID'S,1
AGGRAVATED,1
SMALLER,1
RESISTING,1
CLOUDS,1
FAMILY'S,1
SMILED,1
INCONVENIENCED,1
NODDED,1
SERVING,1
CUTS,1
DISH,1
INSATIABLE,1
CHOP,1
SOMEONE'S,1
METED,1
PUNISHMENT,1
INTOLERANCE,1
FALCON,1
FALCONER,1
TECHNOLOGICAL,1
ANNOYANCE,1
SECURE,1
RUSSIA,1
ENABLE,1
SMACK,1
TRUCKS,1
MEDLEY,1
PASTAS,1
TARDINESS,1
UNWRAP,1
JETS,1
TULSA,1
LEAVIN',1
HOTHOUSE,1
FLOWER,1
HELPER,1
OPENIN',1
TWAT,1
STABILITY,1
SHIES,1
CHANGER,1
SMARTEST,1
CAPOS,1
BIDE,1
LARGE,1
MEASURE,1
LEGITIMIZED,1
STATURE,1
SCHMUCK,1
FOLLOWIN',1
FLOATIN',1
POWERSHARING,1
EQUALLY,1
DECISIONS,1
MAJORITY,1
CHECKIN',1
NIGHTMARE,1
ZEE,1
TAPPAN,1
GRIGIO,1
SHELLS,1
REDOIN',1
MOTEL,1
BUNK,1
OUTS,1
BEDROOMS,1
GRUDGE,1
LINENS,1
TABLECLOTHS,1
70%,1
FACADE,1
INSTANCES,1
ANTIQUE,1
GRIMY,1
ENTREES,1
MACARONI,1
BOLOGNESE,1
MARINARA,1
BARB'LL,1
PIZZAIOL',1
DELBARTON,1
STARLEDGER,1
DELBARTON'S,1
LETTERED,1
SETON,1
OBSESSION,1
TEACHIN',1
RICOTT',1
TARGET,1
JOY,1
HAPPINESS,1
PALISADES,1
IMPOLITE,1
SNAPPLE,1
GALLS,1
ORGANIZED,1
LESBIAN,1
LUNG,1
DAM,1
GODDAMNED,1
UNFUCK,1
INSTABILITY,1
ADVANTAGE,1
CRUMBS,1
FALLOUT,1
ODDS,1
JOHNNY'LL,1
ELECTRICIAN'S,1
REFER,1
ROBYN,1
RECENT,1
MACINO,1
INDICTMENTS,1
JUPITER,1
SUMBITCH,1
TAXICAB,1
HALFANDHALF,1
BACKSEAT,1
SHELTER,1
ID,1
COPPER,1
ESCAPED,1
WANDER,1
WALLET'S,1
WANDERIN',1
ALLOWED,1
SHABAZZ,1
TURKISH,1
TAFFIES,1
PROFIT,1
MARGIN,1
DAMIANO,1
ROBERTA,1
BOBBI,1
SANFILLIPO,1
ACTIN',1
PECULIAR,1
PROGRAMS,1
DISHWASHING,1
MISSING,1
GOSSIPING,1
RAMIREZES',1
ESSENTIALS,1
VICTORY,1
GARY'S,1
GUESSIN',1
UNH,1
AAAH,1
MOWER'S,1
ORTHOPEDIST,1
TUNNEL,1
CONTRACTOR,1
TROY,1
HILLS,1
PINOT,1
RESAUTÉING,1
ARTIE'S,1
DIRTIES,1
GOONS,1
ENDED,1
STITCHES,1
SORROWS,1
APPEARANCES,1
TRIMMIN',1
26,1
DEAF,1
MUTT,1
COUPLES,1
DECORATE,1
NOWADAYS,1
COMPLAININ',1
WANT'S,1
RITE,1
AIDS,1
SOFTENER,1
SLEEPS,1
READYMADE,1
PARTNERSHIP,1
DEPEND,1
BEPPY,1
FRIDAY,1
RITZ,1
BELLE,1
CADILLAC,1
MOWIN',1
KIMBALL,1
E,1
UNSCATHED,1
AFRICA,1
STRAIGHTEN,1
ITCHY,1
MASSEUSE,1
'COURSE,1
ZERO,1
WARMTH,1
COMPENSATION,1
OVERALL,1
INTERFERON,1
MS,1
HIGHERUPS,1
CIFARETTO'S,1
RIPPING,1
EMPLOYER,1
FRANCESCO'S,1
FURNITURE,1
WHOLESALER,1
VENDORS,1
CASHES,1
FRANCESCO,1
BRETTLER,1
IMPORTS,1
SCREAMS,1
42,1
OPPOSITION'S,1
100000,1
DISPARUS,1
JAILS,1
AMERICA,1
STREETS,1
MILITIA,1
LANDSCAPIN',1
955,1
UNGRATEFUL,1
REHABILITATED,1
SNIPPERS,1
BUM,1
STEERED,1
BREADSTICKS,1
BREADSTICK,1
WIVES,1
AUNT'S,1
FRANKLIN,1
PARKWAY,1
BISCOTT',1
SALONS,1
KNICKS,1
JERRY'S,1
MARY'S,1
BELONG,1
UGATZ,1
WETTING,1
JUNIOR'S,1
ACTIVE,1
ROLE,1
PREPARE,1
STARTERS,1
SCHLEP,1
BARB'S,1
HELPIN',1
BREWSTER,1
JULIO,1
MYSTERY,1
CHOSE,1
SALLY,1
DALI,1
WPLJ,1
WEIGH,1
NIGGER,1
CHOPCHOP,1
ISLANDER,1
HUMIDITY,1
COCKS,1
MUFFLE,1
ADIOS,1
R'S,1
THERE'LL,1
CROSSWORD,1
AGNES,1
ENJOYIN',1
PARADISE,1
PHARAOH,1
FORCES,1
MAGGOTS,1
DIRECT,1
SUCCESSOR,1
ASSUMED,1
DISCOS,1
WHATNOT,1
GRABBIN',1
MAKIN'S,1
HARMONY,1
TRIUMVIRTHING,1
CAESAR,1
YONKERS,1
NINETOFIVE,1
HEAVY,1
STOLEN,1
RESIDE,1
IDENTIFICATION,1
BRILLSTEIN,1
TOYS,1
HIGHSTAKES,1
FRONTED,1
HUMILIATING,1
DEGENERATES,1
UNANNOUNCED,1
TREATIN',1
INTERRUPT,1
IMPERMEABLE,1
KEELS,1
CHE,1
PUZZ',1
HAND'S,1
THALIDOMIDE,1
RICHER,1
ENVIRONMENT,1
COORDINATOR,1
IRIS,1
HEARTS,1
COLUMN,1
FEATURED,1
PUBLICIST,1
GILLIAN'S,1
HARVARD,1
BUPKIS,1
PAGE,1
JEREMY,1
PUPPETEER,1
CHILDREN'S,1
DIDJA,1
BERNIE,1
GOLDMAN,1
HIGHNESS,1
FORGIVEN,1
LION'S,1
RAKE,1
FIGHTS,1
RAIDS,1
ROLLERS,1
ANTONIO,1
STRUNZ,1
BUSYBODY,1
EGOMANIAC,1
NOTHIN'S,1
PRAISE,1
ORDERIN',1
OVERNIGHT,1
UNFAIR,1
PEPPERMINT,1
LOUNGE,1
STEWARDESSES,1
BRANIFF,1
TAYLOR,1
DOM,1
POTHEAD,1
TEXAS,1
NUTS,1
POINTY,1
FEATHERWEIGHTS,1
HEADING,1
GRATEFUL,1
ANTE,1
WORKSHOP,1
SACHS,1
LONGSHOREMAN,1
SKILLS,1
RATION,1
BASIS,1
APPROVE,1
16YEAROLD,1
ADOLESCENT,1
DEVELOPMENTALIST,1
DOMENICA,1
PAOLINI,1
SASHA,1
CAPUTO,1
NICK,1
SASHA'S,1
COMA,1
SHEET,1
GOOGOL,1
XTERRA,1
LOADED,1
33,1
LITER,1
SUPERCHARGED,1
STICKER'S,1
DISTRACTIONS,1
SENSORS,1
SEATBELTS,1
NISSAN'S,1
PHILOSOPHY,1
HOUR'S,1
DECK,1
BOSE,1
CONSTRICTED,1
INTERPERSONAL,1
WESLEYAN,1
RAPKE,1
FALLBACK,1
MIDDLEBURY'S,1
CAMP,1
SNEEZE,1
FOLKLORIC,1
STUDIES,1
MISSISSIPPI,1
COMMUNITY,1
SPIN,1
NUDGE,1
LEM'S,1
VERBALS,1
760,1
STOKED,1
FOLKS,1
DADDYO,1
RAPIDLY,1
APPROACHING,1
ESSENCE,1
TRENTON,1
ARIZONAS,1
HOLE,1
SATWISE,1
505,1
430,1
FIVES,1
PROVIDING,1
UNLIMITED,1
SATS,1
PUNKS,1
BROTH,1
DRESSER,1
HIPPIE,1
AGGHHH,1
CONTROLLIN',1
CRACKS,1
KNOCKS,1
CHAINSAW,1
KRESGE'S,1
COMPROMISES,1
SUFFERIN',1
RETROACTIVE,1
HEARIN',1
VENTURE,1
KICKIN',1
VITRO'LL,1
PITCHIN',1
GAULTIERI,1
GOTCHA,1
DYER'S,1
SH,1
COMP,1
HORSESHOE,1
HARRY,1
WINER,1
WORKUP,1
GREEN,1
GROVE,1
MEDS,1
INFARCTS,1
AKIN,1
MINISTROKES,1
STRING,1
FONGOOL,1
TRAUMA,1
VA,1
CLAY,1
STOLED,1
OFFICERS,1
FACILITIES,1
ELLIE,1
LOUIE,1
SLOT,1
ALZHEIMER'S,1
MOOZADELL,1
EN,1
CARROZZA,1
FRAGILE,1
RELATES,1
REAP,1
SOW,1
OHHO,1
PAWN,1
SHIRK,1
DUTIES,1
TIBET,1
BERKLEY,1
HEADCASE,1
RELATE,1
FREESPIRIT,1
REBEL,1
MIRED,1
BLOWIN',1
THATTHAT,1
YOUYOU,1
SIGNIFICANT,1
OBSTINACY,1
PINTO,1
SMUGGLED,1
BRIAN,1
INDIGESTION,1
BLOWN,1
LOUSY,1
PERFORMANCE,1
RICCIONE,1
BUDDS,1
CRACKIN',1
NETS,1
SLACK,1
WARDEN,1
INDULGE,1
IPOD,1
ENCOURAGE,1
EXTRACURRICULAR,1
ACTIVITY,1
BRAND,1
CLASSIFIEDS,1
JASE,1
CALLUZIO,1
PIMPLE,1
STEAMROLL,1
PREDICT,1
QUEENS,1
DECLARATION,1
RETARDED,1
CRIPPLED,1
PINTO'S,1
CUMARE,1
DRILL,1
SPERM,1
CONSISTENT,1
FILTER,1
IMPATIENCE,1
FORGETFULNESS,1
FRUSTRATING,1
SQUABBLE,1
MEMBERS,1
SQUIRREL,1
MAINLY,1
REFRIGERATOR,1
SEAL,1
BLACKTAILED,1
WIDESPREAD,1
INHABITING,1
PLAINS,1
BASIN,1
KENNEDY'S,1
WHITETAILED,1
ELEVATIONS,1
HIBERNATING,1
THROUGHOUT,1
WINTER,1
BITCHIN',1
YELLOW,1
WHY'S,1
REPEAT,1
COYOTE,1
DEWALT,1
DISAPPEARS,1
PINE,1
CONES,1
I'MI'M,1
SHIVERING,1
HUNG,1
RID,1
EXIST,1
EATERS,1
PIT,1
FORGETTING,1
CHEESECAKE,1
CHASED,1
MOSS,1
JUNGLE,1
CATS,1
$860,1
ACUPUNCTURE,1
DRIVES,1
LEAVENWORTH,1
GHERKINS,1
RESIDENCE,1
PARALYSIS,1
VINCENT'S,1
LURCH,1
APOLOGY,1
WHITMAN,1
SAMPLER,1
AFFECTED,1
CONFRONT,1
DIRECTION,1
UNDERHANDED,1
APPEALING,1
MALPRACTICE,1
SUED,1
MOVES,1
DINOSAURS,1
DRENCHED,1
MANDOLIN,1
FOOD'S,1
SCOUTS,1
SIMMER,1
PRECEDENT,1
SCOWL,1
GALOOT,1
EARL,1
SCHEIB,1
TAN,1
CELLAR,1
BOWERY,1
PASSAGES,1
BLACKEST,1
BAM,1
SHY,1
FRED,1
ASTAIRE,1
CNN,1
$400,1
RESPONSIBILITIES,1
BENEFITS,1
SWITCH,1
GERMANI,1
UNLOCK,1
SHKOOPET,1
FISTFUL,1
SONY,1
TIO,1
PEPE'S,1
FREAKING,1
EATS,1
JIB,1
9735551299,1
ERRANDS,1
ATLANTIC,1
983,1
JUSTA,1
ONEA,1
HAVEA,1
BIGA,1
TITS,1
STUFFED,1
$100,1
PLATONIC,1
CONVINCING,1
WRAPPING,1
LOBSTER,1
HERE'LL,1
EIGHTYFOUR,1
WASH,1
BAIT,1
STEAKS,1
THREEPOUND,1
LOBSTERS,1
SHRIMP,1
COCKTAILS,1
SKANKS,1
OUGHTA,1
LYONNAISE,1
POTATOES,1
$16,1
MISCOUNTED,1
$1184,1
KID'LL,1
PAGES,1
IMPORTANCE,1
SAMURAIS,1
TRAINING,1
TEACHES,1
QUICKLY,1
QUALITIES,1
WC,1
FLEECE,1
SOMBER,1
TONES,1
SOCIOPATH,1
UNPRACTICED,1
KAPUT,1
DEPTH,1
EXTRAORDINARY,1
BORSCHT,1
THUG,1
REJECTION,1
UGLINESS,1
SYMPATHY,1
EASTER,1
BASKETS,1
DEFENSE,1
TABS,1
GERRY,1
ANASTASIA,1
BENIHANA'S,1
LUGER'S,1
BRANDY,1
INFLATION,1
IIT'S,1
BUSHES,1
APPLES,1
TAPPED,1
KILLING,1
GILARDI,1
OLDER,1
CHOWDER,1
STRAP,1
REPORTERS,1
VAC,1
DINING,1
LOAF,1
GULDEN'S,1
MUSTARD,1
OVERSEAS,1
SHEESH,1
DENSELY,1
POPULATED,1
NEIGHBOR'S,1
KALCHIEMS,1
PICKUP,1
BLEACH,1
LID,1
POSTED,1
CATEGORY,1
RIFLE,1
FIREARMS,1
BOROUGH,1
PERCENTAGE,1
CORN'S,1
DAMP,1
AROMATIC,1
EQUIPMENT,1
THOMAS,1
SUSPECT,1
VIDEO,1
RISING,1
LOVIN',1
INEVITABLY,1
JAILED,1
CRACKDOWNS,1
1980S,1
ENFORCEMENT,1
BATTLE,1
CORRUPTION,1
QUOTE,1
SUPERMAN,1
INFUSION,1
POTENTIALLY,1
VIOLENT,1
STRUGGLE,1
NEWSPEOPLE,1
FAMILIAR,1
NAMES,1
OLDSTYLE,1
REJOINED,1
FORMER,1
PHILIP,1
LONGTIME,1
CRUSH,1
JERSEY'S,1
MICHELE,1
GREATLY,1
FEARED,1
RESPECTED,1
TWENTYEIGHT,1
COMPLICATED,1
CAMERAS,1
THREATEN,1
TOOTHPICK,1
UNDETERRED,1
WIPE,1
SMASH,1
EXTENSION,1
LICENSES,1
LETTER,1
ZMUIDA,1
EASTERN,1
CHAINED,1
RIP,1
INDEPENDENT,1
TRAPPER,1
SPOOR,1
PARAMETERS,1
REMOVAL,1
LANYARDS,1
RICK'S,1
TIMBERLANDS,1
HEATING,1
CORRODED,1
BASTA,1
$1200,1
ROUTINES,1
ADVENTURE,1
$5000,1
STATEMENTS,1
SOAK,1
PENCIL,1
RIMSHOT,1
RESPECTABLE,1
CLINICAL,1
BUILTIN,1
THOUGHTFUL,1
RECORDERS,1
QUALIFI,1
NOLTE,1
BOTHERING,1
WARMING,1
NAILS,1
DEVIOUS,1
THERAPISTS,1
TOWER,1
STRENGTH,1
WEAKNESSES,1
INSECURITIES,1
BETRAY,1
FREUDIAN,1
CHAMPION,1
GOOFY,1
SUSAN,1
QUESTIONS,1
JENNIFER,1
SUFFOCATIN',1
SHIVERIN',1
PAJAMAS,1
EIGHTDEGREE,1
AIRPORT,1
INITIALLY,1
LAMP,1
JAB,1
BLOODRELATION,1
TAUGHT,1
ASSUMING,1
BRICK,1
APOSTLE,1
ORDERLY,1
LIMBS,1
MUSCLE,1
DISEASES,1
ASSOCIATE'S,1
FLEET,1
GOCILETTO,1
KOREANS,1
DRIVER'S,1
DMV,1
STUDYING,1
INSTITUTE'S,1
KANE,1
LEONARD,1
MALTIN,1
OSCARWINNING,1
SCREENPLAY,1
WELLES,1
SLED,1
FASCINATING,1
HEADLINES,1
LAURA,1
BASI,1
DRESSING,1
LOEHMANN'S,1
DCUP,1
REMODELING,1
MINDITCH,1
HARDBALL,1
ROMANCE,1
HOOKS,1
ELKTON,1
ROSEBUD,1
DETOX,1
BALLBREAKER,1
BOOP,1
BAYONNE,1
SCIATICA,1
THURSDAY,1
50,1
TONYS,1
ALFRED,1
ANIMA,1
IVY,1
LEAGUER,1
KELLY'S,1
SAYS:,1
COMMANDER,1
BENEVOLENT,1
UNCONCERNED,1
FAME,1
PRINCE,1
MATCHABELLI,1
TZU,1
ASSKISS,1
BORE,1
HEARTGRABBER,1
FIXING,1
TSHIRT,1
CONTESTS,1
REGINALD,1
III,1
SPRINGFIELD,1
NEWLYWED,1
REPORTER,1
MARINATING,1
SLIDIN',1
MINDSET,1
FAIRFIELD,1
COLLECT,1
HEADSUP,1
NAPOLEON'S,1
FAGS,1
BOUNCED,1
NOHIT,1
REARVIEW,1
EVENTUALLY,1
FRIENDLY,1
ARRANGE,1
VIBING,1
COMPONENTS,1
THEATER,1
ENTERTAIN,1
GIRLFRIENDS,1
ADULTS,1
CURB,1
CELEBRATES,1
HANUKKAH,1
EKG,1
READER,1
CASABLANCA,1
KILLS,1
OURSELVES,1
BONPENSIERO,1
SUPPER,1
CRUCIFY,1
POURING,1
DECLARE,1
MOVIE'S,1
LALANNE,1
MARRIAGES,1
BITTERNESS,1
LUPERTAZZI'S,1
HOMECOMING,1
CHEAT,1
CLIMBED,1
MILKEN,1
TASK,1
LOS,1
ANGELES,1
MATE,1
SNITCHING,1
KYLE,1
TRADED,1
HANDGUNS,1
RICOCHET,1
PARAPLEGIC,1
CLEARER,1
PORK,1
MUNSTER,1
CANDY,1
BARS,1
DRYING,1
TAO,1
MASTER,1
TENSE,1
TENSIONS,1
REGGIE,1
CROWDING,1
TUBS,1
PEPPERS,1
PRAYING,1
ALAN,1
CIFARETTO,1
SPILT,1
RUINED,1
PETTY,1
RESUBMIT,1
CAMERA'S,1
GUALTIERI'S,1
QUALITY,1
HATS,1
MIC'S,1
BUTTON,1
ANGELA,1
TAMPERING,1
ASSET,1
THREEYEAROLD,1
AIRLINE,1
SNITCHES,1
PENETRATED,1
DUTY'S,1
CITIZENS,1
FELON,1
SIXFIGURE,1
O'MELVENY,1
MEYERS,1
FIXES,1
BARRYMORE,1
DANDELIONS,1
PATCH,1
QUINTINA'S,1
STEWART,1
ASHAMED,1
WEIRDO,1
SIGNATURE,1
HATCHET,1
WASTE,1
TAB,1
BERMUDA,1
LODGING,1
ELBOW,1
UNATTRACTIVE,1
PSYCHIATRIC,1
PRESERVE,1
JUDGED,1
TRUTHFUL,1
THREAT,1
BENNY'S,1
SPELL,1
VETS,1
GRATITUDE,1
RIBBON,1
22ND,1
CHALLENGES,1
CONTEMPORARY,1
URBAN,1
DEVELOPMENT,1
ZELLMAN,1
ROGAINE,1
EXAM,1
VEUVE,1
WH,1
INAUDIBLE,1
HEADS,1
HEARS,1
CLOWN,1
CANNOLI,1
COLOMBINO,1
HOUSEWIFE,1
FUNDAMENTALIST,1
DEATHBED,1
MUSHROOM,1
SHELL,1
JIM,1
HEFFRON,1
IRRESISTIBLE,1
DANNY,1
CLINGY,1
SELFESTEEM,1
MARRYING,1
INVOICES,1
APPLE,1
MARTINI,1
SEVENAND7,1
NOTHINGANDNOTHING,1
DOING'S,1
DANCING,1
BARE,1
EVERYWHERE,1
SUBSTANCES,1
SHOVED,1
CUNT'S,1
AUNTIE,1
DOLLED,1
DOWNSTAIRS,1
IGNORE,1
DETECTIVE,1
BODY'S,1
ROSARY,1
LINED,1
WHISPERS,1
BOOSTED,1
LEGIT,1
REINSTALL,1
UNDEPLOYED,1
BELTS,1
FESCUE,1
MOTOROLA,1
2004,1
RATS,1
CONFIRMATION,1
CCNY,1
VERSUS,1
KENTUCKY,1
1951,1
SPREAD,1
FLEETWOOD,1
CREMATED,1
MANTELPIECE,1
SURROUNDED,1
JOKIN',1
HOLDIN',1
SNAPS,1
HEARTBROKEN,1
PILATES,1
GIN,1
SHYLOCK,1
REPUTATION,1
EVANINA,1
LEANS,1
SIXCD,1
SURROUND,1
COMPOUNDED,1
DOUBLY,1
NOTES,1
PUTS,1
FAGGY,1
HOMO,1
ZITI,1
ASSIGNMENTS,1
CHINKS,1
ACTUARY,1
UNLOADS,1
YELLING'S,1
JERKS,1
PAILS,1
FETUS,1
CRANK,1
CURVE,1
SAFER,1
PIGGY,1
REPRESENTS,1
INTELLECTUALISM,1
EYEGLASSES,1
OUTLINE,1
SOCALLED,1
LADY'S,1
TWELVE,1
MI,1
MOUNTAIN,1
GREETING,1
ANNE,1
DUNHAM,1
EXPERT,1
SUCKED,1
SCREAM,1
SNEAKING,1
DISCREET,1
FULFILLS,1
DESIRES,1
VOW,1
PENANCE,1
FLEXIBLE,1
ROW,1
ROOMS,1
THEMES,1
ASIAN,1
SHIATSU,1
ROLFING,1
SWEDISH,1
OASIS,1
PLANTS,1
$30,1
FOUNTAINS,1
CARP,1
CANAL,1
GINSENG,1
RHINO,1
NERVE,1
TEA,1
HERBAL,1
KOI'S,1
ENDINGS,1
KIM'S,1
TILES,1
KUNGPAO,1
COOCHIE,1
RESERVATIONS,1
CRAB,1
SWIMMING,1
CLIFFNOTES,1
DITCH,1
DIGGERS,1
FLOATING,1
CMINUS,1
SPOILED,1
LOX,1
DPLUS,1
BREAKS,1
FREDO,1
CORLEONE,1
'CUZ,1
HOP,1
BAHAMAS,1
DADDY'S,1
HELMETS,1
SHORTCUT,1
GLOWINTHEDARK,1
SOLAR,1
BARBADOS,1
STIGMA,1
PATTY,1
D'AMICO,1
TIMEOUT,1
KNITTING,1
NEEDLE,1
USER,1
STRONGARMED,1
HAVE:,1
DARE,1
DEAN,1
90%,1
SIGNS,1
INSIGHT,1
CULTURE,1
SUCKING,1
TIPS,1
ABORTION,1
DOCTORS,1
MOLESTERS,1
OPENMINDED,1
BOLOGNA,1
SMOKERS,1
VITO'S,1
VASILY'S,1
CUSTOMMADE,1
CRAPS,1
POCAHONTAS,1
SCALPING,1
STRIDE,1
CONDONE,1
POORLY,1
VERBUM,1
VANDALIZE,1
BLOOMER,1
HOPELESS,1
D,1
WORRYING,1
SHADOWS,1
LOVERS,1
BLAST,1
SKYWAY'S,1
MANG',1
RESTAURANTS,1
FIRM,1
RESOLVE,1
JOYRIDE,1
LICENSING,1
FAILURE,1
MASSEUR,1
MASSAGIE,1
GHAGEH,1
SAUNA,1
SOOTHING,1
ATMOSPHERE,1
KEITH,1
JARRETT,1
KOREA,1
JAHSOOSUHNGGAH,1
TRAVEL,1
AGENCY,1
MINI,1
SHITTY,1
THREEYEAR,1
LEASE,1
TWOTHIRDS,1
CRIPPLE,1
JOURNEY,1
APPROVAL,1
CEREAL,1
BREAKFAST,1
ABUSE,1
SERVICES,1
DEMORALIZING,1
AUTHORITIES,1
FOREMOST,1
NORTHSIDE,1
INVESTIGATE,1
LIFE:,1
PUNCHED,1
POST,1
HYSTERICAL,1
CONCENTRATE,1
VASCULAR,1
PHYSIOLOGY,1
NEUROTOMY,1
GYM,1
PEOPLE'S,1
DEFINITIONS,1
TIGER,1
BAVA,1
KMART,1
HUGGIES,1
DIAPER,1
CLOTHE,1
NAKED,1
INDEED,1
INTELLECTUAL,1
FORMALITY,1
INTENSITY,1
INCLUDE,1
WHYWHY,1
SOUNDING,1
PAPAL,1
NUNCIO,1
STANDARDS,1
PARTICULAR,1
SIGNOR,1
5:15,1
BRAKES,1
PARTIES,1
CONTINUE,1
SCHOLAR,1
CENTURY,1
ABBOT,1
CASTRATED,1
TIMELESS,1
MONK,1
NUN,1
LETTERS,1
ENRICHES,1
ASPECTS,1
CONVINCE,1
STUDENTS,1
MATRICULATE,1
56247373211,1
INFORM,1
MEETS,1
EXCEEDS,1
REQUIRED,1
LICENSURE,1
BOARDCERTIFIED,1
BODYWORK,1
SINNED,1
CONFESSION,1
SACRAMENT,1
REMORSEFUL,1
ELOISE,1
ENDS,1
BADLY,1
REAWAKENED,1
ABSOLVE,1
UNDERAGE,1
12THCENTURY,1
DEVIN,1
VIRGIN,1
GRADEWISE,1
CORRECTLY,1
TOLERATE,1
UNINTERRUPTED,1
POTTY,1
SLAMMED,1
INVOLVE,1
MUSCLES,1
ATTACH,1
CORACOID,1
TUPPERWARE,1
PECTORALIS,1
CORACOBRACHIALIS,1
BICEPS,1
MIND'S,1
RADIUS,1
SOURCES,1
OFFICER'S,1
SUNGYON,1
SELFOWNED,1
PEARL,1
HARBOR,1
SUBTLE,1
STACKING,1
LIBRARY'S,1
EXTREMES,1
BOREDOM,1
EXHILARATION,1
DEN,1
MASTER'S,1
MASSIVE,1
ATTACKING,1
HAWAIIAN,1
CENT,1
SCOTTISH,1
BAGPIPES,1
DIET,1
GINGER,1
ALE,1
JETER,1
DOZEN,1
ROSES,1
PARLAY,1
INDIAN,1
EXCLUSIVE,1
CLIENTELE,1
DAVID,1
ROTH,1
GAMES,1
DUG,1
EXCITEMENT,1
CAULK,1
WEED,1
MANIAC,1
625K,1
PROBLEM'S,1
ZONING,1
RESTRICTIONS,1
BUYER,1
75%,1
ADMIRING,1
HANDKERCHIEF,1
AFTERWARDS,1
RUNIONS,1
CAPTAIN'S,1
JUDGE,1
SPAIN,1
IHOP,1
JONESING,1
SLIPPED,1
CONCERN,1
YANKEES,1
LOUIS,1
ROLLER,1
THREEGRAND,1
RESIDUAL,1
EPISODE,1
GUINEAFEST,1
SORVINO,1
UNREALISTIC,1
DUSTY,1
SILK,1
KLEENEX,1
HELLUVA,1
TROLLOP,1
THINK'S,1
COLLECTING,1
BURDEN,1
RUBBED,1
RUBBING,1
BUB,1
PALE,1
DECEASED,1
CRILLEY,1
QUIBBLING,1
INITIALS,1
AUCTION,1
VSOP,1
EVE,1
ADVANCE,1
POT,1
800,1
COWBOYS,1
INDIANS,1
DYLAN,1
MCDERMOTT,1
NICHOLSON'S,1
CARWASH,1
CITRUCEL,1
CLEANER'S,1
JACUZZI,1
GREATGREATGRANDFATHER,1
TENUOUS,1
VILLAGE,1
STIRCRAZY,1
SEVENTH,1
FOLD,1
PAIR,1
TENS,1
FLUSH,1
57,1
MONTH'S,1
SALARY,1
INCIDENTALS,1
60000,1
ALTOGETHER,1
CHARGING,1
VIG,1
REFUGEE,1
YEAR'S,1
RUBY,1
UNDERSTOOD,1
GRAMMAR,1
LIPSTICK,1
MARCH,1
'61,1
COPA,1
BILLINGS,1
JACK'S,1
CHOATE,1
INSISTS,1
PIERRE,1
PRESIDENTIAL,1
ELEVATOR,1
CRAWLING,1
CELEBRITIES,1
LAWFORD,1
GLANCE,1
LOCKING,1
FITZGERALD,1
INTRODUCES,1
INTERESTS,1
INTERVIEW,1
ITEM,1
DC,1
RITZCARLTON,1
EMERGENCY,1
STEEL,1
WORKERS,1
OTHERS,1
MARILYN,1
SOPHISTICATED,1
MARTIN,1
SEXUALLY,1
WORKRELATED,1
AIRBAGS,1
CUSHION,1
CAVIAR,1
MISTAKES,1
BEETHOVEN,1
POO,1
UNDERWEAR,1
WORMS,1
POUND,1
CARPET,1
CYNICAL,1
BILLION,1
RAFTERS,1
CONCETT',1
HEREBY,1
EMBRACED,1
DIVINE,1
MAUDLIN,1
CHUNK,1
UPTAKE,1
INHIBITORS,1
SKEPTICAL,1
MOOD,1
IMPROVED,1
BAMBERGER'S,1
FOOLISH,1
AID,1
VAIN,1
HESITATED,1
SWAG,1
MOTIVES,1
STUARTI,1
CHARACTER,1
JACKS,1
TAPIOCA,1
400,1
ROADWAY,1
XPRESS,1
DELIVERED,1
SPIFF,1
SALAMANCA,1
FABRIC,1
GOSH,1
RUDY'S,1
TUMOR,1
JAW,1
VOMIT,1
EVIL,1
HENRY,1
FORD,1
PLUMBER,1
WESA,1
CALWELL,1
STROLL,1
BUSTING,1
SCAM,1
HYAH,1
BENT,1
PUNCHING,1
SHEEP'S,1
CLOTHING,1
ACCUSATIONS,1
ENZO,1
SY,1
RÉMY,1
&,1
SOBER'S,1
VINCENT,1
NIECE'S,1
BARBECUE,1
BICENTENNIAL,1
LINGERIE,1
CUBANSTYLE,1
KETCHUP,1
ISRAELI,1
DIRECTOR,1
EL,1
FRECKLES,1
TEL,1
AVIV,1
PICTURES,1
GERSHWIN,1
WHOREMASTER,1
SCREWED,1
MIDGET,1
AUTO,1
RACING,1
CHICKAMAUGA,1
RACEWAY,1
EGYPT,1
OCCASIONALLY,1
JUN,1
SKULK,1
HUNCH,1
STATUESQUE,1
BATTLESHIP,1
RAO'S,1
DEVORE,1
SLATE,1
LAPEL,1
GUITAR,1
VOLARE,1
ALCOHOLIC,1
WRITER,1
DEFAULT,1
BIZ,1
FLAKE,1
CHURNING,1
SNAPPY,1
DIALOGUE,1
CORBIN,1
BERNSEN,1
WRITERS,1
GUILD,1
DISCOVERED,1
DEADLINE,1
NASH,1
BRIDGES,1
MORAL,1
INVENTORY,1
JUSTIFIES,1
INFIDELITY,1
ROTTING,1
PAINFUL,1
COMFORTING,1
HOUSEDRESS,1
HAIRNET,1
CONVERSATION'D,1
GWEN,1
LASAGNA,1
NAIVE,1
CANALI,1
SLEEVES,1
ZEALAND,1
IMBECILE,1
WELDIN',1
GEORGIA,1
CONSIDERED,1
FLAT,1
SCREEN,1
TVS,1
50INCH,1
PLASMA,1
PHILIPSES,1
DELAYED,1
GLIMS,1
PARKIN',1
RUTGERS'S,1
ACCEPTS,1
COUNSELORS,1
COPING,1
SNOB,1
WAITER,1
DRAWN,1
MAGNETIC,1
ASTRID,1
NOTION,1
ESCAPING,1
QUOTIDIAN,1
MARSALA,1
BALSAMIC,1
JACKET,1
OLSEN,1
BOURGEOIS,1
C'MERE,1
CLOUDED,1
JUDGEMENT,1
WOULDA,1
INSTINCTS,1
EYEBROWS'LL,1
VILLAIN,1
HOMINA,1
STEPHEN,1
FOSTER,1
CONTESTANT,1
SWELL,1
TARALL'S,1
EXPIRATION,1
2007,1
TAKEDOWN,1
DELIBERATELY,1
MD,1
PIGEON,1
SMIRK,1
PLY,1
CATCHUP,1
MEMO,1
BOWELS,1
NEWBERG,1
SHIPPIN',1
ANTIDOTES,1
DYNAFLOWS,1
MCGUIRE,1
OFFENDED,1
NOVEL,1
EMPTINESS,1
PATHETIC,1
404,1
MEMORIZE,1
OOF,1
G,1
ANESTHETIC,1
LIDOCAINE,1
MEANTIME,1
CANTEEN,1
LOOSE,1
DISTURBANCES,1
STRESSRELATED,1
UNUSUAL,1
JIMJAMS,1
YOUTH,1
SAMPLE,1
ROTTED,1
COPE,1
STRESSED,1
MOP,1
WORLD'S,1
ORIOLES,1
TIGERS,1
RANGERS,1
5000,1
ALTERNATOR'S,1
MIMI,1
WHWHAT,1
ULCERS,1
IBS,1
SQUAMOUS,1
336,1
SHOWER,1
EMMA,1
LOG,1
DESTROYS,1
FANTASY,1
HORRIFICALLY,1
TRAGIC,1
BORDERS,1
GUSTAVE,1
BOARD,1
STIMICH,1
EXAMINED,1
BUNNY,1
BEQUEST,1
WEAPONS,1
STAIN,1
WINDUP,1
LEAGUE,1
BALLET,1
HOTBOXED,1
FIFTEEN,1
CORRECTIONS,1
SINGIN',1
DESIGNATED,1
DENTS,1
SEIZURE,1
BUD'S,1
BUN,1
18TH,1
SOUTHERN,1
ACCENT,1
GRABBED,1
COMPETE,1
ASSES,1
RECOMMENDED,1
BATH,1
ABLUTION,1
CLEANSE,1
DEED,1
FUNDAMENTALLY,1
BLAMES,1
STRATEGIES,1
BASIC,1
4/4,1
RINGO,1
DRUMMER,1
PETE,1
ALBUM,1
CIVILIZED,1
MARTYR,1
LIKIN',1
TREYS,1
WINS,1
LOOPHOLE,1
CLIENTS,1
DIES,1
SHITHOUSE,1
CRUST,1
CPA,1
SERVANTS,1
HOVEL,1
HOLINESS,1
HUNDREDS,1
JEWISH,1
CONDOMS,1
PRODUCTS,1
HAUSCHKA,1
AIRPLANE,1
BASKETFUL,1
OZONE,1
SUCKER,1
DECAPITATED,1
SITS,1
MOTIVATIONAL,1
TOOL,1
CARROT,1
STRANGLE,1
HATEFUL,1
CONCEPT,1
SHARING,1
TODDLERS,1
SHARPER,1
ANGEL,1
CRYIN',1
ROTOROOTER,1
MEDIA,1
CONNOISSEUR,1
C'MON,1
FLUNKIES,1
COMPLIMENT,1
BALD,1
FRIGGIN',1
CYNIC,1
W,1
VILE,1
'RIGARD',1
PS,1
BATHROBE,1
JET,1
BORING,1
DANCE,1
STEW,1
PREMIUM,1
DAYBOOK,1
417,1
KRAZY,1
GLUED,1
HOUSEKEEPING,1
AAAAH,1
OHHH,1
STAYED,1
SLEEPIN',1
TODD,1
OD'ED,1
PURITAN,1
CONSIGNMENT,1
COVERIN',1
CURSED,1
SCREWIN',1
FWORD,1
SELLIN',1
CABS,1
11:30,1
PROCLIVITY,1
NOW'S,1
POPPERS,1
DOPERS,1
GROUNDED,1
DRAMATIC,1
TEENAGE,1
CYO,1
$30000,1
OBSESSED,1
747,1
INSURED,1
CAB,1
FARE,1
CONCERT'S,1
TENTHIRTY,1
43,1
WHOOOOA,1
ARMED,1
ROBBERY,1
AUTOMOBILES,1
BROOKE,1
REGAL,1
SL,1
ROCKED,1
FRIDA,1
DIEGO,1
ZAPPED,1
G'NIGHT,1
FUCKER,1
LIGHTER,1
EASEL,1
OILS,1
USHERS,1
SEDATE,1
WHADDYA,1
CARRIER,1
WELLCOORDINATED,1
CHOPPED,1
BROTHER'S,1
GORNISHT,1
KATZ,1
GOOGLE,1
ATTRACT,1
PUMPED,1
ADMITTING,1
17HOUR,1
ROTATION,1
GUNSHOT,1
KNEECAPS,1
FIANCÉ,1
CUSTOM,1
ATTEST,1
ATTENDING,1
MEDICALLY,1
INSTANCE,1
SEATBELT,1
ABRASIONS,1
LATERAL,1
ANTERIOR,1
ASPECT,1
MIDSTERNUM,1
PHYSICIAN,1
PREBOARD,1
STERNUM,1
XIPHOID,1
INDICATE,1
UPRIGHT,1
IMPACT,1
MAKEAWISH,1
FOUNDATION,1
RESOLVED,1
LAUGHIN',1
RANG,1
SORRIANO,1
ADMITTED,1
COKED,1
WISHBONE,1
BRACIOLE'S,1
SHOOTIN',1
BRACIOLE,1
HILARIOUS,1
PARADE,1
FLOAT,1
CHRISSAKES,1
VINAR,1
CASSEROLE,1
MIC,1
LYIN',1
GEORGIE,1
OPERATING,1
MOANIN',1
DEALER'S,1
DENY,1
TOOT,1
BIRDWATCHIN',1
SHITHOLE,1
LLOOK,1
STUDIED,1
PIZZA,1
TAVERN,1
SELFCONTROL,1
REIGN,1
PHILANDERING,1
CROSSFIRE,1
GUTTER,1
HOPEFULLY,1
DOORBELL,1
SWIRLIN',1
TAILPIPE,1
AVERT,1
ISSUE,1
FIVEPARAGRAPH,1
ESSAY,1
SUBMITTED,1
ONELINE,1
DRAFTS,1
SKETCHY,1
SUSPICIOUSLY,1
COGENT,1
PLAGIARISM,1
LIBRARY,1
OBVIOUS,1
IMPROVEMENT,1
CHEATER,1
ITALIANAMERICAN,1
INDUSTRY,1
SUGGESTING,1
BIAS,1
TEACHERS,1
ARGUMENT,1
CONTINUED,1
EFFORT,1
SEMESTER'S,1
WEIGHTED,1
KNOTS,1
JUSTICE,1
DISCUSSION,1
ADMITS,1
UNPRETENTIOUS,1
DISCUSSED,1
JUMP,1
TRUTHFULLY,1
REPORT,1
THEIRAND,1
CROSSWALK,1
EXCITED,1
NET,1
CHATTER,1
FASTER,1
COURT,1
SIMPLER,1
BUGGIN',1
PROTECTING,1
ABUSERS,1
ARTHUR'S,1
GRAVY'S,1
BLUNDINO,1
NEOSPORIN,1
EXPLAINING,1
ROB,1
FLASH,1
PREJUDICE,1
EXCONS,1
CORN,1
ROLLUPS,1
POPTARTS,1
PLACES,1
SUPERMARKETS,1
REIMBURSE,1
PERFECTING,1
BLAH,1
MIDTERM,1
TRIM,1
SHE'D,1
THEYTHEY,1
HUSTLED,1
TRAFFIC,1
PROBATION,1
DEEPLY,1
REGRET,1
IMPULSE,1
MISTRESS'S,1
CONTEMPLATING,1
PROPORTIONS,1
III'D,1
HOSED,1
REASONIN',1
GROOMIN',1
FATHERFIGURE,1
HERS,1
COMMITTING,1
INCEST,1
RATIONALIZING,1
BOUNDARIES,1
CROSSROADS,1
DESTRUCTIVE,1
GROWTH,1
OUTER,1
RECALL,1
SURVIVED,1
MISERY,1
WORTHY,1
REMAIN,1
AA,1
VIBE,1
OOPS,1
DISTRACT,1
RUBBLE,1
DDON'T,1
PSYCHOLOGICAL,1
BLAMIN',1
VOLLEYBALL,1
I95,1
RALEIGH,1
WINSTONSALEM,1
CIGS,1
VANS,1
DEUCE,1
VAN'S,1
RADAR,1
ERIK,1
ESTRADA,1
FOLIC,1
ELECTROLYSIS,1
YELLIN',1
STOMACHACHE,1
IMPACTION,1
CLOVE,1
WHOOPS,1
TWIST,1
EXPECTIN',1
RAGGIN',1
MANAGER,1
POUR,1
UHTHE,1
CONSTIPATED,1
REACTION,1
SAWBUCK,1
BARNEY,1
PATSY'S,1
SANSEVERINO,1
MOUNT,1
DEER,1
IIS,1
UHSHE'S,1
FABIO,1
CURIOUS,1
WWE,1
RIDEARENT,1
BUSTIN',1
REDNECKS,1
PETS,1
FATALITY,1
BURGER,1
PARALYZED,1
OROROR,1
SCARRED,1
DEVASTATES,1
SCORED,1
PARANOID,1
COOZE,1
HOUND,1
CATCHER'S,1
MITT,1
PARAMEDICS,1
STATISTIC,1
SINGLECAR,1
FATALITIES,1
RESULT,1
POPPING,1
VISOR,1
MERCY,1
CARBONARA,1
BRINGIN',1
BODEGAS,1
WINKS,1
MOLE,1
IRREGULAR,1
MARGINS,1
MELANOMA,1
REPLACING,1
ALTERNATOR,1
MOTIVATED,1
MARLENE,1
31,1
BLONDISH,1
BROWNISH,1
WHIPPANY,1
SHESHE,1
PICNIC,1
REVIEWED,1
CHART,1
INTERNAL,1
INJURIES,1
ORDERS,1
JOHNS,1
HOPKINS,1
GRANDMOTHER,1
DELAWARE,1
TOTALED,1
LODE,1
PACKS,1
VENDIN',1
CARTONS,1
MATERIALIZE,1
